CODCIUDAD,CIUDAD,CODMUNICIPIO,MUNICIPIO,CODESTADO,ESTADO
63,PUERTO AYACUCHO,3,ATURES,18,AMAZONAS
83,LA ESMERALDA,1,ALTO ORINOCO,18,AMAZONAS
84,SAN FERNANDO DE ATABAPO,2,ATABAPO,18,AMAZONAS
85,ISLA RATON,4,AUTANA,18,AMAZONAS
86,SAN JUAN DE MANAPIARE,5,MAPIARE,18,AMAZONAS
87,MAROA,6,MAROA,18,AMAZONAS
88,SAN CARLOS DE RIO NEGRO,7,RIO NEGRO,18,AMAZONAS
365,ACANAÑA,1,ALTO ORINOCO,18,AMAZONAS
366,TOKI-SHAMANAÑA,1,ALTO ORINOCO,18,AMAZONAS
367,MAVACA,1,ALTO ORINOCO,18,AMAZONAS
368,PARIMABE,1,ALTO ORINOCO,18,AMAZONAS
369,LASA LIJA,2,ATABAPO,18,AMAZONAS
370,MACURUCO,2,ATABAPO,18,AMAZONAS
371,GUARINUMA,2,ATABAPO,18,AMAZONAS
372,LIMON DE PARHUEÑA,3,ATURES,18,AMAZONAS
373,PLATANILLAL,3,ATURES,18,AMAZONAS
374,SAMARIAPO,4,AUTANA,18,AMAZONAS
375,MUNDUAPO,4,AUTANA,18,AMAZONAS
376,SAN PEDRO DEL ORINOCO,4,AUTANA,18,AMAZONAS
377,VICTORINO,6,MAROA,18,AMAZONAS
378,COMUNIDAD,6,MAROA,18,AMAZONAS
379,CACURI,5,MAPIARE,18,AMAZONAS
380,CAMANI,5,MAPIARE,18,AMAZONAS
381,MARUETA,5,MAPIARE,18,AMAZONAS
382,SOLANO,7,RIO NEGRO,18,AMAZONAS
383,CURIMACARE,7,RIO NEGRO,18,AMAZONAS
384,SANTA LUCIA,7,RIO NEGRO,18,AMAZONAS
1022,CIUDAD SIN ASIGNAR DE MUNICIPIO ALTO ORINOCO,1,ALTO ORINOCO,18,AMAZONAS
1023,CIUDAD SIN ASIGNAR DE MUNICIPIO ATABAPO,2,ATABAPO,18,AMAZONAS
1024,CIUDAD SIN ASIGNAR DE MUNICIPIO ATURES,3,ATURES,18,AMAZONAS
1025,CIUDAD SIN ASIGNAR DE MUNICIPIO AUTANA,4,AUTANA,18,AMAZONAS
1026,CIUDAD SIN ASIGNAR DE MUNICIPIO MAPIARE,5,MAPIARE,18,AMAZONAS
1027,CIUDAD SIN ASIGNAR DE MUNICIPIO MAROA,6,MAROA,18,AMAZONAS
1028,CIUDAD SIN ASIGNAR DE MUNICIPIO RIO NEGRO,7,RIO NEGRO,18,AMAZONAS
1358,CIUDAD SIN ASIGNAR DE ESTADO AMAZONAS,354,MUNICIPIO SIN ASIGNAR DE AMAZONAS,18,AMAZONAS
4,ANACO,8,ANACO,19,ANZOATEGUI
5,BARCELONA,10,BOLIVAR,19,ANZOATEGUI
6,CANTAURA,14,FREITES,19,ANZOATEGUI
7,EL TIGRE,27,SIMON RODRIGUEZ,19,ANZOATEGUI
8,PUERTO LA CRUZ,28,SOTILLO,19,ANZOATEGUI
9,PUERTO PIRITU,23,PEÑALVER,19,ANZOATEGUI
89,CLARINES,11,BRUZUAL,19,ANZOATEGUI
90,ONOTO,12,CAJIGAL,19,ANZOATEGUI
91,VALLE DE GUANAPE,13,CARVAJAL,19,ANZOATEGUI
92,SAN JOSE DE GUANIPA,15,GUANIPA,19,ANZOATEGUI
93,GUANTA,16,GUANTA,19,ANZOATEGUI
94,SOLEDAD,17,INDEPENDENCIA,19,ANZOATEGUI
95,SAN MATEO,18,LIBERTAD,19,ANZOATEGUI
96,ARAGUA DE BARCELONA,9,ARAGUA DE BARCELONA,19,ANZOATEGUI
97,LECHERIAS,19,LIC. DIEGO BAUTISTA URBANEJA,19,ANZOATEGUI
99,EL CHAPARRO,20,MCGREGOR,19,ANZOATEGUI
100,SAN DIEGO DE CABRUTICA,22,MONAGAS,19,ANZOATEGUI
101,PIRITU,24,PIRITU,19,ANZOATEGUI
102,SANTA ANA,26,SANTA ANA,19,ANZOATEGUI
335,PARIAGUAN,21,MIRANDA,19,ANZOATEGUI
336,BOCA DE UCHIRE,25,SAN JUAN DE CAPISTRANO,19,ANZOATEGUI
385,SAN JOAQUIN,8,ANACO,19,ANZOATEGUI
386,CACHIPO,9,ARAGUA DE BARCELONA,19,ANZOATEGUI
387,SAN MIGUEL,23,PEÑALVER,19,ANZOATEGUI
388,EL HATILLO,23,PEÑALVER,19,ANZOATEGUI
389,SANTA BARBARA,13,CARVAJAL,19,ANZOATEGUI
390,ATAPIRE,21,MIRANDA,19,ANZOATEGUI
391,BOCA DEL PAO,21,MIRANDA,19,ANZOATEGUI
392,EL PAO DE BARCELONA,21,MIRANDA,19,ANZOATEGUI
393,MUCURA,21,MIRANDA,19,ANZOATEGUI
394,PERTIGALETE,16,GUANTA,19,ANZOATEGUI
395,CARAPA,17,INDEPENDENCIA,19,ANZOATEGUI
396,POZUELOS,28,SOTILLO,19,ANZOATEGUI
397,SAN PABLO,12,CAJIGAL,19,ANZOATEGUI
398,SANTA CRUZ DE ORINOCO,22,MONAGAS,19,ANZOATEGUI
399,UVERITO,22,MONAGAS,19,ANZOATEGUI
401,ZUATA,22,MONAGAS,19,ANZOATEGUI
402,EL CARITO,18,LIBERTAD,19,ANZOATEGUI
403,SANTA INES,18,LIBERTAD,19,ANZOATEGUI
404,GUANAPE,11,BRUZUAL,19,ANZOATEGUI
405,SABANA DE UCHIRE,11,BRUZUAL,19,ANZOATEGUI
406,MUNDO NUEVO,14,FREITES,19,ANZOATEGUI
407,SANTA ROSA,14,FREITES,19,ANZOATEGUI
408,URICA,14,FREITES,19,ANZOATEGUI
409,SAN FRANCISCO,24,PIRITU,19,ANZOATEGUI
410,BOCA DE CHAVEZ,25,SAN JUAN DE CAPISTRANO,19,ANZOATEGUI
411,PUEBLO NUEVO,26,SANTA ANA,19,ANZOATEGUI
412,BERGATIN,10,BOLIVAR,19,ANZOATEGUI
413,CAIGUA,10,BOLIVAR,19,ANZOATEGUI
414,EL PILAR,10,BOLIVAR,19,ANZOATEGUI
415,NARICUAL,10,BOLIVAR,19,ANZOATEGUI
416,JOSE GREGORIO MONAGAS,20,MCGREGOR,19,ANZOATEGUI
1029,CIUDAD SIN ASIGNAR DE MUNICIPIO ANACO,8,ANACO,19,ANZOATEGUI
1030,CIUDAD SIN ASIGNAR DE MUNICIPIO ARAGUA DE BARCELON,9,ARAGUA DE BARCELONA,19,ANZOATEGUI
1031,CIUDAD SIN ASIGNAR DE MUNICIPIO BOLIVAR,10,BOLIVAR,19,ANZOATEGUI
1032,CIUDAD SIN ASIGNAR DE MUNICIPIO BRUZUAL,11,BRUZUAL,19,ANZOATEGUI
1033,CIUDAD SIN ASIGNAR DE MUNICIPIO CAJIGAL,12,CAJIGAL,19,ANZOATEGUI
1034,CIUDAD SIN ASIGNAR DE MUNICIPIO CARVAJAL,13,CARVAJAL,19,ANZOATEGUI
1035,CIUDAD SIN ASIGNAR DE MUNICIPIO FREITES,14,FREITES,19,ANZOATEGUI
1036,CIUDAD SIN ASIGNAR DE MUNICIPIO GUANIPA,15,GUANIPA,19,ANZOATEGUI
1037,CIUDAD SIN ASIGNAR DE MUNICIPIO GUANTA,16,GUANTA,19,ANZOATEGUI
1038,CIUDAD SIN ASIGNAR DE MUNICIPIO INDEPENDENCIA,17,INDEPENDENCIA,19,ANZOATEGUI
1039,CIUDAD SIN ASIGNAR DE MUNICIPIO LIBERTAD,18,LIBERTAD,19,ANZOATEGUI
1040,CIUDAD SIN ASIGNAR DE MUNICIPIO LIC. DIEGO BAUTIST,19,LIC. DIEGO BAUTISTA URBANEJA,19,ANZOATEGUI
1041,CIUDAD SIN ASIGNAR DE MUNICIPIO MCGREGOR,20,MCGREGOR,19,ANZOATEGUI
1042,CIUDAD SIN ASIGNAR DE MUNICIPIO MIRANDA,21,MIRANDA,19,ANZOATEGUI
1043,CIUDAD SIN ASIGNAR DE MUNICIPIO MONAGAS,22,MONAGAS,19,ANZOATEGUI
1044,CIUDAD SIN ASIGNAR DE MUNICIPIO PEÑALVER,23,PEÑALVER,19,ANZOATEGUI
1045,CIUDAD SIN ASIGNAR DE MUNICIPIO PIRITU,24,PIRITU,19,ANZOATEGUI
1046,CIUDAD SIN ASIGNAR DE MUNICIPIO SAN JUAN DE CAPIST,25,SAN JUAN DE CAPISTRANO,19,ANZOATEGUI
1047,CIUDAD SIN ASIGNAR DE MUNICIPIO SANTA ANA,26,SANTA ANA,19,ANZOATEGUI
1048,CIUDAD SIN ASIGNAR DE MUNICIPIO SIMON RODRIGUEZ,27,SIMON RODRIGUEZ,19,ANZOATEGUI
1049,CIUDAD SIN ASIGNAR DE MUNICIPIO SOTILLO,28,SOTILLO,19,ANZOATEGUI
1359,CIUDAD SIN ASIGNAR DE ESTADO ANZOATEGUI,355,MUNICIPIO SIN ASIGNAR DE ANZOATEGUI,19,ANZOATEGUI
58,SAN FERNANDO,35,SAN FERNANDO,7,APURE
59,GUASDUALITO,32,PAEZ,7,APURE
103,ACHAGUAS,29,ACHAGUAS,7,APURE
104,BIRUACA,30,BIRUACA,7,APURE
105,BRUZUAL,31,MUÑOS,7,APURE
107,SAN JUAN DE PAYARA,33,PEDRO CAMEJO,7,APURE
108,ELORZA,34,ROMULO GALLEGOS,7,APURE
149,EL AMPARO,32,PAEZ,7,APURE
151,LA VICTORIA,32,PAEZ,7,APURE
152,PUERTO PAEZ,33,PEDRO CAMEJO,7,APURE
417,APURITO,29,ACHAGUAS,7,APURE
418,EL YAGUAL,29,ACHAGUAS,7,APURE
419,GUACHARA,29,ACHAGUAS,7,APURE
420,EL SAMAN DE APURE,29,ACHAGUAS,7,APURE
421,GUASIMAL,29,ACHAGUAS,7,APURE
422,MANTECAL,31,MUÑOS,7,APURE
423,QUINTERO,31,MUÑOS,7,APURE
424,LA ESTACADA,31,MUÑOS,7,APURE
425,SAN VICENTE,31,MUÑOS,7,APURE
426,PALMARITO,32,PAEZ,7,APURE
428,EL NULA,32,PAEZ,7,APURE
430,SAN MIGUEL DE CUNAVICHE,33,PEDRO CAMEJO,7,APURE
431,LA TRINIDAD DE ORICHUNA,34,ROMULO GALLEGOS,7,APURE
432,EL RECREO,35,SAN FERNANDO,7,APURE
433,ARICHUNA,35,SAN FERNANDO,7,APURE
434,SAN RAFAEL DE ATAMAICA,35,SAN FERNANDO,7,APURE
1050,CIUDAD SIN ASIGNAR DE MUNICIPIO ACHAGUAS,29,ACHAGUAS,7,APURE
1051,CIUDAD SIN ASIGNAR DE MUNICIPIO BIRUACA,30,BIRUACA,7,APURE
1052,CIUDAD SIN ASIGNAR DE MUNICIPIO MUÑOS,31,MUÑOS,7,APURE
1053,CIUDAD SIN ASIGNAR DE MUNICIPIO PAEZ,32,PAEZ,7,APURE
1054,CIUDAD SIN ASIGNAR DE MUNICIPIO PEDRO CAMEJO,33,PEDRO CAMEJO,7,APURE
1055,CIUDAD SIN ASIGNAR DE MUNICIPIO ROMULO GALLEGOS,34,ROMULO GALLEGOS,7,APURE
1056,CIUDAD SIN ASIGNAR DE MUNICIPIO SAN FERNANDO,35,SAN FERNANDO,7,APURE
1360,CIUDAD SIN ASIGNAR DE ESTADO APURE,343,MUNICIPIO SIN ASIGNAR DE APURE,7,APURE
10,CAGUA,50,SUCRE,12,ARAGUA
11,COLONIA TOVAR,51,TOVAR,12,ARAGUA
12,LA VICTORIA,41,JOSE FELIX RIVAS,12,ARAGUA
13,MARACAY,39,GIRARDOT,12,ARAGUA
14,SAN MATEO,36,BOLIVAR,12,ARAGUA
15,SANTA CRUZ,40,JOSE ANGEL LAMAS,12,ARAGUA
65,TURMERO,48,SANTIAGO MARIÑO,12,ARAGUA
109,SAN CASIMIRO,46,SAN CASIMIRO,12,ARAGUA
110,SAN SEBASTIAN,47,SAN SEBASTIAN,12,ARAGUA
111,LAS TEJERIAS,49,SANTOS MICHELENA,12,ARAGUA
112,BARBACOAS,52,URDANETA,12,ARAGUA
113,VILLA DE CURA,53,ZAMORA,12,ARAGUA
114,CAMATAGUA,37,CAMATAGUA,12,ARAGUA
115,SANTA RITA,38,FRANCISCO LINARES ALCANTARA,12,ARAGUA
116,EL CONSEJO,42,JOSE RAFAEL REVENGA,12,ARAGUA
117,PALO NEGRO,43,LIBERTADOR,12,ARAGUA
118,EL LIMON,44,MARIO BRICEÑO IRAGORRY,12,ARAGUA
119,OCUMARE DE LA COSTA,45,OCUMARE DE LA COSTA DE ORO,12,ARAGUA
435,CARMEN DE CURA,37,CAMATAGUA,12,ARAGUA
436,CHORONI,39,GIRARDOT,12,ARAGUA
437,LAS MERCEDES,41,JOSE FELIX RIVAS,12,ARAGUA
438,LAS GUACAMAYAS,41,JOSE FELIX RIVAS,12,ARAGUA
439,PAO DE ZARATE,41,JOSE FELIX RIVAS,12,ARAGUA
440,ZUATA,41,JOSE FELIX RIVAS,12,ARAGUA
441,LA PICA,43,LIBERTADOR,12,ARAGUA
442,CAÑA DE AZUCAR,44,MARIO BRICEÑO IRAGORRY,12,ARAGUA
443,GUIRIPA,46,SAN CASIMIRO,12,ARAGUA
444,OLLAS DE CARAMACATE,46,SAN CASIMIRO,12,ARAGUA
445,VALLE MORIN,46,SAN CASIMIRO,12,ARAGUA
446,ROSARIO DE PAYA,48,SANTIAGO MARIÑO,12,ARAGUA
447,CHUAO,48,SANTIAGO MARIÑO,12,ARAGUA
448,19 DE abril,48,SANTIAGO MARIÑO,12,ARAGUA
449,SAN JOAQUIN,48,SANTIAGO MARIÑO,12,ARAGUA
450,TIARA,49,SANTOS MICHELENA,12,ARAGUA
451,BELLA VISTA,50,SUCRE,12,ARAGUA
452,LAS PEÑITAS,52,URDANETA,12,ARAGUA
453,SAN FRANCISCO DE CARA,52,URDANETA,12,ARAGUA
454,TAGUAY,52,URDANETA,12,ARAGUA
455,MAGDALENO,53,ZAMORA,12,ARAGUA
456,SAN FRANCISCO DE ASIS,53,ZAMORA,12,ARAGUA
457,LOS BAGRES,53,ZAMORA,12,ARAGUA
458,TOCORON,53,ZAMORA,12,ARAGUA
459,FRANCISCO DE MIRANDA,38,FRANCISCO LINARES ALCANTARA,12,ARAGUA
460,PARAPARAL,38,FRANCISCO LINARES ALCANTARA,12,ARAGUA
1057,CIUDAD SIN ASIGNAR DE MUNICIPIO BOLIVAR,36,BOLIVAR,12,ARAGUA
1058,CIUDAD SIN ASIGNAR DE MUNICIPIO CAMATAGUA,37,CAMATAGUA,12,ARAGUA
1059,CIUDAD SIN ASIGNAR DE MUNICIPIO FRANCISCO,38,FRANCISCO LINARES ALCANTARA,12,ARAGUA
1060,CIUDAD SIN ASIGNAR DE MUNICIPIO GIRARDOT,39,GIRARDOT,12,ARAGUA
1061,CIUDAD SIN ASIGNAR DE MUNICIPIO JOSE ANGEL LAMAS,40,JOSE ANGEL LAMAS,12,ARAGUA
1062,CIUDAD SIN ASIGNAR DE MUNICIPIO JOSE FELIX RIBAS,41,JOSE FELIX RIVAS,12,ARAGUA
1063,CIUDAD SIN ASIGNAR DE MUNICIPIO JOSE RAFAEL REVENG,42,JOSE RAFAEL REVENGA,12,ARAGUA
1064,CIUDAD SIN ASIGNAR DE MUNICIPIO LIBERTADOR,43,LIBERTADOR,12,ARAGUA
1065,CIUDAD SIN ASIGNAR DE MUNICIPIO MARIO BRICEÑO IRAG,44,MARIO BRICEÑO IRAGORRY,12,ARAGUA
1066,CIUDAD SIN ASIGNAR DE MUNICIPIO OCUMARE DE LA COST,45,OCUMARE DE LA COSTA DE ORO,12,ARAGUA
1067,CIUDAD SIN ASIGNAR DE MUNICIPIO SAN CASIMIRO,46,SAN CASIMIRO,12,ARAGUA
1068,CIUDAD SIN ASIGNAR DE MUNICIPIO SAN SEBASTIAN,47,SAN SEBASTIAN,12,ARAGUA
1069,CIUDAD SIN ASIGNAR DE MUNICIPIO SANTIAGO MARIÑO,48,SANTIAGO MARIÑO,12,ARAGUA
1070,CIUDAD SIN ASIGNAR DE MUNICIPIO SANTOS MICHELENA,49,SANTOS MICHELENA,12,ARAGUA
1071,CIUDAD SIN ASIGNAR DE MUNICIPIO SUCRE,50,SUCRE,12,ARAGUA
1072,CIUDAD SIN ASIGNAR DE MUNICIPIO TOVAR,51,TOVAR,12,ARAGUA
1073,CIUDAD SIN ASIGNAR DE MUNICIPIO URDANETA,52,URDANETA,12,ARAGUA
1074,CIUDAD SIN ASIGNAR DE MUNICIPIO ZAMORA,53,ZAMORA,12,ARAGUA
1361,CIUDAD SIN ASIGNAR DE ESTADO ARAGUA,348,MUNICIPIO SIN ASIGNAR DE ARAGUA,12,ARAGUA
16,BARINAS,58,BARINAS,14,BARINAS
66,BARINITAS,59,BOLIVAR,14,BARINAS
120,SABANETA,54,ALBERTO ARVELO TORREALBA,14,BARINAS
121,EL CANTON,55,ANDRES ELOY BLANCO,14,BARINAS
122,ARISMENDI,57,ARISMENDI,14,BARINAS
123,BARRANCAS,60,CRUZ PAREDES,14,BARINAS
124,SANTA BARBARA,61,EZEQUIEL ZAMORA,14,BARINAS
125,OBISPOS,62,OBISPOS,14,BARINAS
126,CIUDAD BOLIVIA,63,PEDRAZA,14,BARINAS
127,LIBERTAD,64,ROJAS,14,BARINAS
128,CIUDAD DE NUTRIAS,65,SOSA,14,BARINAS
337,SOCOPO,56,ANTONIO JOSE DE SUCRE,14,BARINAS
461,VEGUITAS,54,ALBERTO ARVELO TORREALBA,14,BARINAS
462,BUM-BUM,56,ANTONIO JOSE DE SUCRE,14,BARINAS
463,CHAMETA,56,ANTONIO JOSE DE SUCRE,14,BARINAS
464,GUADARRAMA,57,ARISMENDI,14,BARINAS
465,LA UNION,57,ARISMENDI,14,BARINAS
466,SAN ANTONIO,57,ARISMENDI,14,BARINAS
467,QUEBRADA SECA,58,BARINAS,14,BARINAS
468,SAN SILVESTRE,58,BARINAS,14,BARINAS
469,SANTA INES,58,BARINAS,14,BARINAS
470,SANTA LUCIA,58,BARINAS,14,BARINAS
471,TORUNOS,58,BARINAS,14,BARINAS
472,LA CARAMUCA,58,BARINAS,14,BARINAS
473,EL COROZO,58,BARINAS,14,BARINAS
474,LA MULA,58,BARINAS,14,BARINAS
475,ALTAMIRA,59,BOLIVAR,14,BARINAS
476,CALDERAS,59,BOLIVAR,14,BARINAS
477,LA YUCA,60,CRUZ PAREDES,14,BARINAS
478,MASPARRITO,60,CRUZ PAREDES,14,BARINAS
479,PEDRAZA LA VIEJA,61,EZEQUIEL ZAMORA,14,BARINAS
480,CAPITANEJO,61,EZEQUIEL ZAMORA,14,BARINAS
481,PUNTA DE PIEDRA,61,EZEQUIEL ZAMORA,14,BARINAS
482,EL REAL,62,OBISPOS,14,BARINAS
483,LA LUZ,62,OBISPOS,14,BARINAS
484,LOS GUASIMITOS,62,OBISPOS,14,BARINAS
485,MAPORAL,63,PEDRAZA,14,BARINAS
486,CURBATI,63,PEDRAZA,14,BARINAS
487,SAN RAFAEL DE CANAGUA,63,PEDRAZA,14,BARINAS
488,DOLORES,64,ROJAS,14,BARINAS
489,MAJAGUAL,64,ROJAS,14,BARINAS
490,SANTA ROSA,64,ROJAS,14,BARINAS
491,EL REGALO,65,SOSA,14,BARINAS
492,PUERTO DE NUTRIAS,65,SOSA,14,BARINAS
493,SANTA CATALINA,65,SOSA,14,BARINAS
494,SANTA CRUZ DE GUACAS,55,ANDRES ELOY BLANCO,14,BARINAS
495,PUERTO VIVAS,55,ANDRES ELOY BLANCO,14,BARINAS
1075,CIUDAD SIN ASIGNAR DE MUNICIPIO ALBERTO ARVELO TOR,54,ALBERTO ARVELO TORREALBA,14,BARINAS
1076,CIUDAD SIN ASIGNAR DE MUNICIPIO ANDRES ELOY BLANCO,55,ANDRES ELOY BLANCO,14,BARINAS
1077,CIUDAD SIN ASIGNAR DE MUNICIPIO ANTONIO JOSE DE SU,56,ANTONIO JOSE DE SUCRE,14,BARINAS
1078,CIUDAD SIN ASIGNAR DE MUNICIPIO ARISMENDI,57,ARISMENDI,14,BARINAS
1079,CIUDAD SIN ASIGNAR DE MUNICIPIO BARINAS,58,BARINAS,14,BARINAS
1080,CIUDAD SIN ASIGNAR DE MUNICIPIO BOLIVAR,59,BOLIVAR,14,BARINAS
1081,CIUDAD SIN ASIGNAR DE MUNICIPIO CRUZ PAREDES,60,CRUZ PAREDES,14,BARINAS
1082,CIUDAD SIN ASIGNAR DE MUNICIPIO EZEQUIEL ZAMORA,61,EZEQUIEL ZAMORA,14,BARINAS
1083,CIUDAD SIN ASIGNAR DE MUNICIPIO OBISPOS,62,OBISPOS,14,BARINAS
1084,CIUDAD SIN ASIGNAR DE MUNICIPIO PEDRAZA,63,PEDRAZA,14,BARINAS
1085,CIUDAD SIN ASIGNAR DE MUNICIPIO ROJAS,64,ROJAS,14,BARINAS
1086,CIUDAD SIN ASIGNAR DE MUNICIPIO SOSA,65,SOSA,14,BARINAS
1362,CIUDAD SIN ASIGNAR DE ESTADO BARINAS,350,MUNICIPIO SIN ASIGNAR DE BARINAS,14,BARINAS
17,CIUDAD BOLIVAR,70,HERES,24,BOLIVAR
18,CIUDAD GUAYANA / PUERTO ORDAZ,66,CARONI,24,BOLIVAR
20,SANTA ELENA DE UAIREN,69,GRAN SABANA,24,BOLIVAR
67,UPATA,72,PIAR,24,BOLIVAR
129,CAICARA DEL ORINOCO,67,CEDEÑO,24,BOLIVAR
130,EL CALLAO,68,EL CALLAO,24,BOLIVAR
131,EL PALMAR,71,PADRE PEDRO CHIEN,24,BOLIVAR
132,CIUDAD PIAR,73,RAUL LEONI,24,BOLIVAR
133,GUASIPATI,74,ROSCIO,24,BOLIVAR
134,TUMEREMO,75,SIFONTES,24,BOLIVAR
135,MARIPA,76,SUCRE,24,BOLIVAR
496,POZO VERDE,66,CARONI,24,BOLIVAR
497,EL ROSARIO,66,CARONI,24,BOLIVAR
498,LAS BONITAS,67,CEDEÑO,24,BOLIVAR
499,SANTA ROSALIA,67,CEDEÑO,24,BOLIVAR
500,EL MILAGRO,67,CEDEÑO,24,BOLIVAR
501,LA URBANA,67,CEDEÑO,24,BOLIVAR
502,MORICHALITO,67,CEDEÑO,24,BOLIVAR
503,IKABARU,69,GRAN SABANA,24,BOLIVAR
504,ALMACEN,70,HERES,24,BOLIVAR
505,SAN JOSE DE BONGO,70,HERES,24,BOLIVAR
506,LA CAROLINA,70,HERES,24,BOLIVAR
507,EL PAO DE EL HIERRO,72,PIAR,24,BOLIVAR
508,EL MANTECO,72,PIAR,24,BOLIVAR
509,LA PARAGUA,73,RAUL LEONI,24,BOLIVAR
510,SAN FRANCISCO,73,RAUL LEONI,24,BOLIVAR
511,SANTA BARBARA DEL CENTURION,73,RAUL LEONI,24,BOLIVAR
512,EL MIAMO,74,ROSCIO,24,BOLIVAR
513,EL DORADO,75,SIFONTES,24,BOLIVAR
514,LAS CLARITAS,75,SIFONTES,24,BOLIVAR
515,ARIPAO,76,SUCRE,24,BOLIVAR
516,GUARATARO,76,SUCRE,24,BOLIVAR
517,LAS MAJADAS,76,SUCRE,24,BOLIVAR
518,MOITACO,76,SUCRE,24,BOLIVAR
585,SAN FELIX,66,CARONI,24,BOLIVAR
1087,CIUDAD SIN ASIGNAR DE MUNICIPIO CARONI,66,CARONI,24,BOLIVAR
1088,CIUDAD SIN ASIGNAR DE MUNICIPIO CEDEÑO,67,CEDEÑO,24,BOLIVAR
1089,CIUDAD SIN ASIGNAR DE MUNICIPIO EL CALLAO,68,EL CALLAO,24,BOLIVAR
1090,CIUDAD SIN ASIGNAR DE MUNICIPIO GRAN SABANA,69,GRAN SABANA,24,BOLIVAR
1091,CIUDAD SIN ASIGNAR DE MUNICIPIO HERES,70,HERES,24,BOLIVAR
1092,CIUDAD SIN ASIGNAR DE MUNICIPIO PADRE PEDRO CHIEN,71,PADRE PEDRO CHIEN,24,BOLIVAR
1093,CIUDAD SIN ASIGNAR DE MUNICIPIO PIAR,72,PIAR,24,BOLIVAR
1094,CIUDAD SIN ASIGNAR DE MUNICIPIO RAUL LEONI,73,RAUL LEONI,24,BOLIVAR
1095,CIUDAD SIN ASIGNAR DE MUNICIPIO ROSCIO,74,ROSCIO,24,BOLIVAR
1096,CIUDAD SIN ASIGNAR DE MUNICIPIO SIFONTES,75,SIFONTES,24,BOLIVAR
1097,CIUDAD SIN ASIGNAR DE MUNICIPIO SUCRE,76,SUCRE,24,BOLIVAR
1363,CIUDAD SIN ASIGNAR DE ESTADO BOLIVAR,360,MUNICIPIO SIN ASIGNAR DE BOLIVAR,24,BOLIVAR
21,BEJUMA,77,BEJUMA,13,CARABOBO
22,GUACARA,80,GUACARA,13,CARABOBO
23,NAGUANAGUA,86,NAGUANAGUA,13,CARABOBO
24,PUERTO CABELLO,87,PUERTO CABELLO,13,CARABOBO
25,SAN JOAQUIN,89,SAN JOAQUIN,13,CARABOBO
26,VALENCIA,90,VALENCIA,13,CARABOBO
136,GUIGUE,78,CARLOS ARVELO,13,CARABOBO
137,MARIARA,79,DIAGO IBARRA,13,CARABOBO
138,MORON,81,JUAN JOSE MORA,13,CARABOBO
139,TOCUYITO,82,LIBERTADOR,13,CARABOBO
140,LOS GUAYOS,83,LOS GUAYOS,13,CARABOBO
141,MIRANDA,84,MIRANDA,13,CARABOBO
142,MONTALBAN,85,MONTALBAN,13,CARABOBO
143,SAN DIEGO,88,SAN DIEGO,13,CARABOBO
147,TACARIGUA,78,CARLOS ARVELO,13,CARABOBO
148,YAGUA,80,GUACARA,13,CARABOBO
519,CABOABO,77,BEJUMA,13,CARABOBO
520,CHIRGUA,77,BEJUMA,13,CARABOBO
521,BELEN,78,CARLOS ARVELO,13,CARABOBO
523,URAMA,81,JUAN JOSE MORA,13,CARABOBO
524,BORBURATA,87,PUERTO CABELLO,13,CARABOBO
525,PATANEMO,87,PUERTO CABELLO,13,CARABOBO
526,LOS NARANJOS,90,VALENCIA,13,CARABOBO
1098,CIUDAD SIN ASIGNAR DE MUNICIPIO BEJUMA,77,BEJUMA,13,CARABOBO
1099,CIUDAD SIN ASIGNAR DE MUNICIPIO CARLOS ARVELO,78,CARLOS ARVELO,13,CARABOBO
1100,CIUDAD SIN ASIGNAR DE MUNICIPIO DIAGO IBARRA,79,DIAGO IBARRA,13,CARABOBO
1101,CIUDAD SIN ASIGNAR DE MUNICIPIO GUACARA,80,GUACARA,13,CARABOBO
1102,CIUDAD SIN ASIGNAR DE MUNICIPIO JUAN JOSE MORA,81,JUAN JOSE MORA,13,CARABOBO
1103,CIUDAD SIN ASIGNAR DE MUNICIPIO LIBERTADOR,82,LIBERTADOR,13,CARABOBO
1104,CIUDAD SIN ASIGNAR DE MUNICIPIO LOS GUAYOS,83,LOS GUAYOS,13,CARABOBO
1105,CIUDAD SIN ASIGNAR DE MUNICIPIO MIRANDA,84,MIRANDA,13,CARABOBO
1106,CIUDAD SIN ASIGNAR DE MUNICIPIO MONTALBAN,85,MONTALBAN,13,CARABOBO
1107,CIUDAD SIN ASIGNAR DE MUNICIPIO NAGUANAGUA,86,NAGUANAGUA,13,CARABOBO
1108,CIUDAD SIN ASIGNAR DE MUNICIPIO PUERTO CABELLO,87,PUERTO CABELLO,13,CARABOBO
1109,CIUDAD SIN ASIGNAR DE MUNICIPIO SAN DIEGO,88,SAN DIEGO,13,CARABOBO
1110,CIUDAD SIN ASIGNAR DE MUNICIPIO SAN JOAQUIN,89,SAN JOAQUIN,13,CARABOBO
1111,CIUDAD SIN ASIGNAR DE MUNICIPIO VALENCIA,90,VALENCIA,13,CARABOBO
1364,CIUDAD SIN ASIGNAR DE ESTADO CARABOBO,349,MUNICIPIO SIN ASIGNAR DE CARABOBO,13,CARABOBO
56,SAN CARLOS,98,SAN CARLOS DE AUSTRIA,5,COJEDES
57,TINAQUILLO,93,FALCON,5,COJEDES
153,COJEDES,91,ANZOATEGUI,5,COJEDES
154,EL PAO,92,EL PAO DE SAN JUAN BAUTISTA,5,COJEDES
155,EL BAUL,94,GIRARDOT,5,COJEDES
156,MACAPO,95,LIMA BLANCO,5,COJEDES
157,LIBERTAD,96,RICAURTE,5,COJEDES
158,LAS VEGAS,97,ROMULO GALLEGOS,5,COJEDES
159,TINACO,99,TINACO,5,COJEDES
527,APARTADEROS,91,ANZOATEGUI,5,COJEDES
528,SUCRE,94,GIRARDOT,5,COJEDES
529,LA AGUADITA,95,LIMA BLANCO,5,COJEDES
530,EL AMPARO,96,RICAURTE,5,COJEDES
531,LA SIERRA,98,SAN CARLOS DE AUSTRIA,5,COJEDES
532,MANRIQUE,98,SAN CARLOS DE AUSTRIA,5,COJEDES
1112,CIUDAD SIN ASIGNAR DE MUNICIPIO ANZOATEGUI,91,ANZOATEGUI,5,COJEDES
1113,CIUDAD SIN ASIGNAR DE MUNICIPIO EL PAO DE SAN JUAN,92,EL PAO DE SAN JUAN BAUTISTA,5,COJEDES
1114,CIUDAD SIN ASIGNAR DE MUNICIPIO FALCON,93,FALCON,5,COJEDES
1115,CIUDAD SIN ASIGNAR DE MUNICIPIO GIRARDOT,94,GIRARDOT,5,COJEDES
1116,CIUDAD SIN ASIGNAR DE MUNICIPIO LIMA BLANCO,95,LIMA BLANCO,5,COJEDES
1117,CIUDAD SIN ASIGNAR DE MUNICIPIO RICAURTE,96,RICAURTE,5,COJEDES
1118,CIUDAD SIN ASIGNAR DE MUNICIPIO ROMULO GALLEGOS,97,ROMULO GALLEGOS,5,COJEDES
1119,CIUDAD SIN ASIGNAR DE MUNICIPIO SAN CARLOS DE AUST,98,SAN CARLOS DE AUSTRIA,5,COJEDES
1120,CIUDAD SIN ASIGNAR DE MUNICIPIO TINACO,99,TINACO,5,COJEDES
1365,CIUDAD SIN ASIGNAR DE ESTADO COJEDES,341,MUNICIPIO SIN ASIGNAR DE COJEDES,5,COJEDES
64,TUCUPITA,103,TUCUPITA,20,DELTA AMACURO
160,CURIAPO,100,ANTONIO DIAZ,20,DELTA AMACURO
161,SIERRA IMATACA,101,CASA COIMA,20,DELTA AMACURO
162,PEDERNALES,102,PEDERNALES,20,DELTA AMACURO
533,MANOA,100,ANTONIO DIAZ,20,DELTA AMACURO
534,BOCA DE CUYUBINI,100,ANTONIO DIAZ,20,DELTA AMACURO
535,ARAGUABISI,100,ANTONIO DIAZ,20,DELTA AMACURO
536,SAN FRANCISCO DE GUAYO,100,ANTONIO DIAZ,20,DELTA AMACURO
537,ARAGUAIMUJO,100,ANTONIO DIAZ,20,DELTA AMACURO
538,MORUCA,101,CASA COIMA,20,DELTA AMACURO
539,PIACOA,101,CASA COIMA,20,DELTA AMACURO
540,EL TRINFO,101,CASA COIMA,20,DELTA AMACURO
541,SANTA CATALINA,101,CASA COIMA,20,DELTA AMACURO
542,CAPURE,102,PEDERNALES,20,DELTA AMACURO
543,HACIENDA DEL MEDIO,103,TUCUPITA,20,DELTA AMACURO
544,CARAPAL DE GUARA,103,TUCUPITA,20,DELTA AMACURO
546,PALOMA,103,TUCUPITA,20,DELTA AMACURO
547,URBANIZACION DELFIN MENDOZA,103,TUCUPITA,20,DELTA AMACURO
548,SAN RAFAEL,103,TUCUPITA,20,DELTA AMACURO
549,LA HORQUETA,103,TUCUPITA,20,DELTA AMACURO
1121,CIUDAD SIN ASIGNAR DE MUNICIPIO ANTONIO DIAZ,100,ANTONIO DIAZ,20,DELTA AMACURO
1122,CIUDAD SIN ASIGNAR DE MUNICIPIO CASA COIMA,101,CASA COIMA,20,DELTA AMACURO
1123,CIUDAD SIN ASIGNAR DE MUNICIPIO PEDERNALES,102,PEDERNALES,20,DELTA AMACURO
1124,CIUDAD SIN ASIGNAR DE MUNICIPIO TUCUPITA,103,TUCUPITA,20,DELTA AMACURO
1366,CIUDAD SIN ASIGNAR DE ESTADO DELTA AMACURO,356,MUNICIPIO SIN ASIGNAR DE DELTA AMACURO,20,DELTA AMACURO
27,CARACAS,335,DISTRITO CAPITAL,3,DTTO. CAPITAL
1355,CIUDAD SIN ASIGNAR DE MUNICIPIO DISTRITO CAPITAL,335,DISTRITO CAPITAL,3,DTTO. CAPITAL
1367,CIUDAD SIN ASIGNAR DE ESTADO DTTO. CAPITAL,339,MUNICIPIO SIN ASIGNAR DE DTTO CAPITAL,3,DTTO. CAPITAL
28,CHICHIRIVICHE,118,MONSEÑOR,10,FALCON
29,CORO,117,MIRANDA,10,FALCON
30,PUNTO FIJO,108,CARIRUBANA,10,FALCON
31,SANTA ANA DE CORO,117,MIRANDA,10,FALCON
32,TUCACAS,123,SILVA,10,FALCON
68,PUNTA CARDON,108,CARIRUBANA,10,FALCON
163,SAN JUAN DE LOS CAYOS,104,ACOSTA,10,FALCON
164,SAN LUIS,105,BOLIVAR,10,FALCON
165,CAPATARIDA,106,BUCHIVACOA,10,FALCON
166,YARACAL,107,CACIQUE MANAURE,10,FALCON
167,LA VELA DE CORO,109,COLINA,10,FALCON
168,DABAJURO,110,DABAJURO,10,FALCON
169,PEDREGAL,111,DEMOCRACIA,10,FALCON
170,PUEBLO NUEVO,112,FALCON,10,FALCON
171,CHURUGUARA,113,FEDERACION,10,FALCON
172,JACURA,114,JACURA,10,FALCON
173,SANTA CRUZ DE LOS TAQUES,115,LOS TAQUES,10,FALCON
174,MENE DE MAUROA,116,MAUROA,10,FALCON
175,PALMASOLA,119,PALMASOLA,10,FALCON
176,CABURE,120,PETIT,10,FALCON
177,PIRITU,121,PIRITU,10,FALCON
178,MIRIMIRE,122,SAN FRANCISCO,10,FALCON
179,LA CRUZ DE TARATARA,124,SUCRE,10,FALCON
180,TOCOPERO,125,TOCOPERO,10,FALCON
181,SANTA CRUZ DE BUCARAL,126,UNION,10,FALCON
182,URUMACO,127,URUMACO,10,FALCON
183,PUERTO CUMAREBO,128,ZAMORA,10,FALCON
184,JUDIBANA,115,LOS TAQUES,10,FALCON
550,CAPADARE,104,ACOSTA,10,FALCON
551,LA PASTORA,104,ACOSTA,10,FALCON
552,EL MENE DE SAN LORENZO,104,ACOSTA,10,FALCON
553,ARACUA,105,BOLIVAR,10,FALCON
554,LA PEÑA,105,BOLIVAR,10,FALCON
555,BARIRO,106,BUCHIVACOA,10,FALCON
556,BOROJO,106,BUCHIVACOA,10,FALCON
557,GUAJIRO,106,BUCHIVACOA,10,FALCON
558,SAN JOSE DE SEQUE,106,BUCHIVACOA,10,FALCON
559,ZAZARIDA,106,BUCHIVACOA,10,FALCON
561,SANTA ANA,108,CARIRUBANA,10,FALCON
562,ACURIGUA,104,ACOSTA,10,FALCON
563,GUAIBACOA,104,ACOSTA,10,FALCON
564,LAS CALDERAS,104,ACOSTA,10,FALCON
565,EL MOYEPO,104,ACOSTA,10,FALCON
566,EL MANANTIAL (AGUA CLARA),111,DEMOCRACIA,10,FALCON
567,TUPURE,111,DEMOCRACIA,10,FALCON
568,PIEDRA GRANDE,111,DEMOCRACIA,10,FALCON
569,PURURECHE,111,DEMOCRACIA,10,FALCON
570,ADICORA,112,FALCON,10,FALCON
571,BARAIVED,112,FALCON,10,FALCON
572,BUENA VISTA,112,FALCON,10,FALCON
573,JADACAQUIVA,112,FALCON,10,FALCON
574,MORUY,112,FALCON,10,FALCON
575,ADAURE,112,FALCON,10,FALCON
576,EL HATO,112,FALCON,10,FALCON
577,EL VINCULO,112,FALCON,10,FALCON
578,AGUA LARGA,113,FEDERACION,10,FALCON
579,EL PAUJI,113,FEDERACION,10,FALCON
580,EL TUPI,113,FEDERACION,10,FALCON
581,MAPARARI,113,FEDERACION,10,FALCON
582,AGUA LINDA,114,JACURA,10,FALCON
583,ARAURIMA,114,JACURA,10,FALCON
584,CASIGUA,116,MAUROA,10,FALCON
586,LA NEGRITA,117,MIRANDA,10,FALCON
587,MITARE,117,MIRANDA,10,FALCON
588,RIO SECO,117,MIRANDA,10,FALCON
589,SABANETA,117,MIRANDA,10,FALCON
590,BOCA DEL TOCUYO,118,MONSEÑOR,10,FALCON
591,TOCUYO DE LA COSTA,118,MONSEÑOR,10,FALCON
592,PUEBLO NUEVO DE LA SIERRA,120,PETIT,10,FALCON
593,CURIMAGUA,120,PETIT,10,FALCON
594,SAN JOSE DE LA COSTA,121,PIRITU,10,FALCON
595,BOCA DE AROA,123,SILVA,10,FALCON
596,PECAYA,124,SUCRE,10,FALCON
597,EL CHARAL,126,UNION,10,FALCON
598,LAS VEGAS DEL TUY,126,UNION,10,FALCON
599,SAN JOSE DE BRUZUAL,127,URUMACO,10,FALCON
600,LA CIENAGA,128,ZAMORA,10,FALCON
601,LA SOLEDAD,128,ZAMORA,10,FALCON
602,PUEBLO CUMAREBO,128,ZAMORA,10,FALCON
603,ZAZARIDA,128,ZAMORA,10,FALCON
1125,CIUDAD SIN ASIGNAR DE MUNICIPIO ACOSTA,104,ACOSTA,10,FALCON
1126,CIUDAD SIN ASIGNAR DE MUNICIPIO BOLIVAR,105,BOLIVAR,10,FALCON
1127,CIUDAD SIN ASIGNAR DE MUNICIPIO BUCHIVACOA,106,BUCHIVACOA,10,FALCON
1128,CIUDAD SIN ASIGNAR DE MUNICIPIO CACIQUE MANAURE,107,CACIQUE MANAURE,10,FALCON
1129,CIUDAD SIN ASIGNAR DE MUNICIPIO CARIRUBANA,108,CARIRUBANA,10,FALCON
1130,CIUDAD SIN ASIGNAR DE MUNICIPIO COLINA,109,COLINA,10,FALCON
1131,CIUDAD SIN ASIGNAR DE MUNICIPIO DABAJURO,110,DABAJURO,10,FALCON
1132,CIUDAD SIN ASIGNAR DE MUNICIPIO DEMOCRACIA,111,DEMOCRACIA,10,FALCON
1133,CIUDAD SIN ASIGNAR DE MUNICIPIO FALCON,112,FALCON,10,FALCON
1134,CIUDAD SIN ASIGNAR DE MUNICIPIO FEDERACION,113,FEDERACION,10,FALCON
1135,CIUDAD SIN ASIGNAR DE MUNICIPIO JACURA,114,JACURA,10,FALCON
1136,CIUDAD SIN ASIGNAR DE MUNICIPIO LOS TAQUES,115,LOS TAQUES,10,FALCON
1137,CIUDAD SIN ASIGNAR DE MUNICIPIO MAUROA,116,MAUROA,10,FALCON
1138,CIUDAD SIN ASIGNAR DE MUNICIPIO MIRANDA,117,MIRANDA,10,FALCON
1139,CIUDAD SIN ASIGNAR DE MUNICIPIO MONSEÑOR,118,MONSEÑOR,10,FALCON
1140,CIUDAD SIN ASIGNAR DE MUNICIPIO PALMASOLA,119,PALMASOLA,10,FALCON
1141,CIUDAD SIN ASIGNAR DE MUNICIPIO PETIT,120,PETIT,10,FALCON
1142,CIUDAD SIN ASIGNAR DE MUNICIPIO PIRITU,121,PIRITU,10,FALCON
1143,CIUDAD SIN ASIGNAR DE MUNICIPIO SAN FRANCISCO,122,SAN FRANCISCO,10,FALCON
1144,CIUDAD SIN ASIGNAR DE MUNICIPIO SILVA,123,SILVA,10,FALCON
1145,CIUDAD SIN ASIGNAR DE MUNICIPIO SUCRE,124,SUCRE,10,FALCON
1146,CIUDAD SIN ASIGNAR DE MUNICIPIO TOCOPERO,125,TOCOPERO,10,FALCON
1147,CIUDAD SIN ASIGNAR DE MUNICIPIO UNION,126,UNION,10,FALCON
1148,CIUDAD SIN ASIGNAR DE MUNICIPIO URUMACO,127,URUMACO,10,FALCON
1149,CIUDAD SIN ASIGNAR DE MUNICIPIO ZAMORA,128,ZAMORA,10,FALCON
1368,CIUDAD SIN ASIGNAR DE ESTADO FALCON,346,MUNICIPIO SIN ASIGNAR DE FALCON,10,FALCON
33,ALTAGRACIA DE ORITUCO,136,MONAGAS,8,GUARICO
60,SAN JUAN DE LOS MORROS,139,ROSCIO,8,GUARICO
61,CALABOZO,135,MIRANDA,8,GUARICO
62,VALLE DE LA PASCUA,132,INFANTE,8,GUARICO
185,EL SOMBRERO,134,MELLADO,8,GUARICO
186,ORTIZ,137,ORTIZ,8,GUARICO
347,CAMAGUAN,129,CAMAGUAN,8,GUARICO
348,CHAGUARAMAS,130,CHAGUARAMAS,8,GUARICO
349,EL SOCORRO,131,EL SOCORRO,8,GUARICO
350,LAS MERCEDES,133,LAS MERCEDES,8,GUARICO
351,TUCUPIDO,138,RIBAS,8,GUARICO
352,SAN JOSE DE GUARIBE,140,SAN JOSE DE GUARIBE,8,GUARICO
353,SANTA MARIA DE IPIRE,141,SANTA MARIA DE IPIRE,8,GUARICO
354,GUAYABAL,142,SAN GERÓNIMO,8,GUARICO
604,PUERTO MIRANDA,129,CAMAGUAN,8,GUARICO
605,UVERITO,129,CAMAGUAN,8,GUARICO
606,CAZORLA,142,SAN GERÓNIMO,8,GUARICO
607,ESPINO,132,INFANTE,8,GUARICO
608,CABRUTA,133,LAS MERCEDES,8,GUARICO
609,SANTA RITA,133,LAS MERCEDES,8,GUARICO
610,SOSA,134,MELLADO,8,GUARICO
611,EL CALVARIO,135,MIRANDA,8,GUARICO
612,EL RASTRO,135,MIRANDA,8,GUARICO
613,GUARDATINAJAS,135,MIRANDA,8,GUARICO
614,LEZAMA,136,MONAGAS,8,GUARICO
615,LIBERTAD DE ORITUCO,136,MONAGAS,8,GUARICO
616,PASO REAL DE MACAIRA,136,MONAGAS,8,GUARICO
617,SAN FRANCISCO DE MACAIRA,136,MONAGAS,8,GUARICO
618,SAN RAFAEL DE ORITUCO,136,MONAGAS,8,GUARICO
619,SABANA GRANDE DE ORITUCO,136,MONAGAS,8,GUARICO
620,SAN FRANCISCO DE TIZNADOS,137,ORTIZ,8,GUARICO
621,SAN JOSE DE TIZNADOS,137,ORTIZ,8,GUARICO
622,LA UNION DE CANUTO,137,ORTIZ,8,GUARICO
623,SAN RAFAEL DE LAYA,138,RIBAS,8,GUARICO
624,CANTAGALLO,139,ROSCIO,8,GUARICO
625,PARAPARA,139,ROSCIO,8,GUARICO
626,ALTAMIRA,141,SANTA MARIA DE IPIRE,8,GUARICO
627,SAN JOSE DE UNARE,336,PEDRO ZARAZA,8,GUARICO
628,ZARAZA,336,PEDRO ZARAZA,8,GUARICO
1150,CIUDAD SIN ASIGNAR DE MUNICIPIO CAMAGUAN,129,CAMAGUAN,8,GUARICO
1151,CIUDAD SIN ASIGNAR DE MUNICIPIO CHAGUARAMAS,130,CHAGUARAMAS,8,GUARICO
1152,CIUDAD SIN ASIGNAR DE MUNICIPIO EL SOCORRO,131,EL SOCORRO,8,GUARICO
1153,CIUDAD SIN ASIGNAR DE MUNICIPIO INFANTE,132,INFANTE,8,GUARICO
1154,CIUDAD SIN ASIGNAR DE MUNICIPIO LAS MERCEDES,133,LAS MERCEDES,8,GUARICO
1155,CIUDAD SIN ASIGNAR DE MUNICIPIO MELLADO,134,MELLADO,8,GUARICO
1156,CIUDAD SIN ASIGNAR DE MUNICIPIO MIRANDA,135,MIRANDA,8,GUARICO
1157,CIUDAD SIN ASIGNAR DE MUNICIPIO MONAGAS,136,MONAGAS,8,GUARICO
1158,CIUDAD SIN ASIGNAR DE MUNICIPIO ORTIZ,137,ORTIZ,8,GUARICO
1159,CIUDAD SIN ASIGNAR DE MUNICIPIO RIBAS,138,RIBAS,8,GUARICO
1160,CIUDAD SIN ASIGNAR DE MUNICIPIO ROSCIO,139,ROSCIO,8,GUARICO
1161,CIUDAD SIN ASIGNAR DE MUNICIPIO SAN JOSE DE GUARIB,140,SAN JOSE DE GUARIBE,8,GUARICO
1162,CIUDAD SIN ASIGNAR DE MUNICIPIO SANTA MARIA DE IPI,141,SANTA MARIA DE IPIRE,8,GUARICO
1163,CIUDAD SIN ASIGNAR DE MUNICIPIO SAN GERÓNIMO,142,SAN GERÓNIMO,8,GUARICO
1356,CIUDAD SIN ASIGNAR DE MUNICIPIO PEDRO ZARAZA,336,PEDRO ZARAZA,8,GUARICO
1369,CIUDAD SIN ASIGNAR DE ESTADO GUARICO,344,MUNICIPIO SIN ASIGNAR DE GUARICO,8,GUARICO
1,BARQUISIMETO,145,IRIBARREN,11,LARA
2,CABUDARE,148,PALAVECINO,11,LARA
3,CARORA,150,TORRES,11,LARA
187,SANARE,143,ANDRES ELOY BLANCO,11,LARA
188,DUACA,144,CRESPO,11,LARA
189,QUIBOR,146,JIMENEZ,11,LARA
190,EL TOCUYO,147,MORAN,11,LARA
191,SARARE,149,SIMON PLANAS,11,LARA
193,SIQUISIQUE,151,URDANETA,11,LARA
629,LA BUCARITA,143,ANDRES ELOY BLANCO,11,LARA
630,LA ESCALERA,143,ANDRES ELOY BLANCO,11,LARA
631,EL ENEAL,144,CRESPO,11,LARA
632,BOBARE,145,IRIBARREN,11,LARA
633,BUENA VISTA,145,IRIBARREN,11,LARA
634,RIO CLARO,145,IRIBARREN,11,LARA
635,CUARA,146,JIMENEZ,11,LARA
636,CUBIRO,146,JIMENEZ,11,LARA
637,AGUA NEGRA,146,JIMENEZ,11,LARA
638,SAN MIGUEL,146,JIMENEZ,11,LARA
639,TINTORERO,146,JIMENEZ,11,LARA
640,EL HATO,146,JIMENEZ,11,LARA
641,LA CEIBA,146,JIMENEZ,11,LARA
642,ANZOATEGUI,147,MORAN,11,LARA
643,GUARICO,147,MORAN,11,LARA
644,VILLA NUEVA,147,MORAN,11,LARA
645,HUMOCARO ALTO,147,MORAN,11,LARA
646,HUMOCARO BAJO,147,MORAN,11,LARA
647,GUAITO,147,MORAN,11,LARA
648,BARBACOAS,147,MORAN,11,LARA
649,LOS RASTROJOS,148,PALAVECINO,11,LARA
650,AGUA VIVA,148,PALAVECINO,11,LARA
651,MANZANITA,149,SIMON PLANAS,11,LARA
652,LA MIEL,149,SIMON PLANAS,11,LARA
653,CURARIGUA,150,TORRES,11,LARA
654,RIO TOCUYO,150,TORRES,11,LARA
655,ATARIGUA,150,TORRES,11,LARA
656,LA PASTORA,150,TORRES,11,LARA
657,AREGUE,150,TORRES,11,LARA
658,QUEBRADA ARRIBA,150,TORRES,11,LARA
659,ARENALES,150,TORRES,11,LARA
660,SAN PEDRO,150,TORRES,11,LARA
661,BURERE,150,TORRES,11,LARA
662,EL EMPEDRADO,150,TORRES,11,LARA
663,PALMARITO,150,TORRES,11,LARA
664,SAN FRANCISCO,150,TORRES,11,LARA
665,EL JABON,150,TORRES,11,LARA
666,EL PARADERO,150,TORRES,11,LARA
667,PARAPARA,150,TORRES,11,LARA
668,ALTAGRACIA,150,TORRES,11,LARA
669,SANTA INES,151,URDANETA,11,LARA
670,AGUADA GRANDE,151,URDANETA,11,LARA
671,BARAGUA,151,URDANETA,11,LARA
1164,CIUDAD SIN ASIGNAR DE MUNICIPIO ANDRES ELOY BLANCO,143,ANDRES ELOY BLANCO,11,LARA
1165,CIUDAD SIN ASIGNAR DE MUNICIPIO CRESPO,144,CRESPO,11,LARA
1166,CIUDAD SIN ASIGNAR DE MUNICIPIO IRIBARREN,145,IRIBARREN,11,LARA
1167,CIUDAD SIN ASIGNAR DE MUNICIPIO JIMENEZ,146,JIMENEZ,11,LARA
1168,CIUDAD SIN ASIGNAR DE MUNICIPIO MORAN,147,MORAN,11,LARA
1169,CIUDAD SIN ASIGNAR DE MUNICIPIO PALAVECINO,148,PALAVECINO,11,LARA
1170,CIUDAD SIN ASIGNAR DE MUNICIPIO SIMON PLANAS,149,SIMON PLANAS,11,LARA
1171,CIUDAD SIN ASIGNAR DE MUNICIPIO TORRES,150,TORRES,11,LARA
1172,CIUDAD SIN ASIGNAR DE MUNICIPIO URDANETA,151,URDANETA,11,LARA
1370,CIUDAD SIN ASIGNAR DE ESTADO LARA,347,MUNICIPIO SIN ASIGNAR DE LARA,11,LARA
34,EL VIGIA,152,ALBERTO ADRIANI,16,MERIDA
35,MERIDA,163,LIBERTADOR,16,MERIDA
69,EJIDO,157,CAMPO ELIAS,16,MERIDA
194,LA AZULITA,153,ANDRES BELLO,16,MERIDA
195,SANTA CRUZ DE MORA,154,ANTONIO PINTO SALINAS,16,MERIDA
196,ARICAGUA,155,ARICAGUA,16,MERIDA
197,CANAGUA,156,ARZOBISPO CHACON,16,MERIDA
198,TUCANI,158,CARACCIOLO PARRA OLMEDO,16,MERIDA
199,SANTO DOMINGO,159,CARDENAL QUINTERO,16,MERIDA
200,GUARAQUE,160,GUARAQUE,16,MERIDA
201,ARAPUEY,161,JULIO CESAR SALAS,16,MERIDA
202,TORONDOY,162,JUSTO BRICEÑO,16,MERIDA
203,TIMOTES,164,MIRANDA,16,MERIDA
204,SANTA ELENA DE ARENALES,165,OBISPO RAMOSDE LORA,16,MERIDA
205,SANTA MARIA DE CAPARO,166,PADRE NOGUERA,16,MERIDA
206,PUEBLO LLANO,167,PUEBLO LLANO,16,MERIDA
207,MUCUCHIES,168,RANGEL,16,MERIDA
208,BAILADORES,169,RIVAS DAVILA,16,MERIDA
209,TABAY,170,SANTOS MARQUINA,16,MERIDA
210,LAGUNILLAS,171,SUCRE,16,MERIDA
211,TOVAR,172,TOVAR,16,MERIDA
212,NUEVA BOLIVIA,173,TULIO FEBRES CORDERO,16,MERIDA
213,ZEA,174,ZEA,16,MERIDA
672,LA PALMITA,152,ALBERTO ADRIANI,16,MERIDA
673,MUCUJEPE,152,ALBERTO ADRIANI,16,MERIDA
674,LOS NARANJOS,152,ALBERTO ADRIANI,16,MERIDA
675,LA BLANCA,152,ALBERTO ADRIANI,16,MERIDA
676,MESA BOLIVAR,154,ANTONIO PINTO SALINAS,16,MERIDA
677,MESA DE LAS PALMAS,154,ANTONIO PINTO SALINAS,16,MERIDA
678,CAMPO ELIAS,155,ARICAGUA,16,MERIDA
679,CAPURI,156,ARZOBISPO CHACON,16,MERIDA
680,CHACANTA,156,ARZOBISPO CHACON,16,MERIDA
681,EL MOLINO,156,ARZOBISPO CHACON,16,MERIDA
682,EL VIENTO,156,ARZOBISPO CHACON,16,MERIDA
683,MUCUTUY,156,ARZOBISPO CHACON,16,MERIDA
684,MUCUCHACHI,156,ARZOBISPO CHACON,16,MERIDA
685,ACEQUIAS,157,CAMPO ELIAS,16,MERIDA
686,JAJI,157,CAMPO ELIAS,16,MERIDA
687,LA MESA,157,CAMPO ELIAS,16,MERIDA
688,SAN JOSE,157,CAMPO ELIAS,16,MERIDA
689,EL PINAR,158,CARACCIOLO PARRA OLMEDO,16,MERIDA
690,LAS PIEDRAS,159,CARDENAL QUINTERO,16,MERIDA
691,MESA DE QUINTERO,160,GUARAQUE,16,MERIDA
692,RIO NEGRO,160,GUARAQUE,16,MERIDA
693,SAN JOSE DE PALMIRA,161,JULIO CESAR SALAS,16,MERIDA
694,SAN CRISTOBAL DE TORONDOY,162,JUSTO BRICEÑO,16,MERIDA
695,EL MORRO,163,LIBERTADOR,16,MERIDA
696,LOS NEVADOS,163,LIBERTADOR,16,MERIDA
697,CHACHOPO,164,MIRANDA,16,MERIDA
698,LA VENTA,164,MIRANDA,16,MERIDA
699,PIÑANGO,164,MIRANDA,16,MERIDA
700,GUAYABONES,165,OBISPO RAMOSDE LORA,16,MERIDA
701,SAN RAFAEL DE ALCAZAR,165,OBISPO RAMOSDE LORA,16,MERIDA
702,CACUTE,168,RANGEL,16,MERIDA
703,LA TOMA,168,RANGEL,16,MERIDA
704,MUCURUBA,168,RANGEL,16,MERIDA
705,SAN RAFAEL,168,RANGEL,16,MERIDA
706,LA PLAYA,169,RIVAS DAVILA,16,MERIDA
707,CHIGUARA,171,SUCRE,16,MERIDA
708,ESTANQUEZ,171,SUCRE,16,MERIDA
709,LA TRAMPA,171,SUCRE,16,MERIDA
710,PUEBLO NUEVO DEL SUR,171,SUCRE,16,MERIDA
711,SAN JUAN,171,SUCRE,16,MERIDA
712,PALMARITO,173,TULIO FEBRES CORDERO,16,MERIDA
713,LAS VIRTUDES,173,TULIO FEBRES CORDERO,16,MERIDA
714,SANTA APOLONIA,173,TULIO FEBRES CORDERO,16,MERIDA
715,CAÑO TRIGRE,174,ZEA,16,MERIDA
1173,CIUDAD SIN ASIGNAR DE MUNICIPIO ALBERTO ADRIANI,152,ALBERTO ADRIANI,16,MERIDA
1174,CIUDAD SIN ASIGNAR DE MUNICIPIO ANDRES BELLO,153,ANDRES BELLO,16,MERIDA
1175,CIUDAD SIN ASIGNAR DE MUNICIPIO ANTONIO PINTO SALI,154,ANTONIO PINTO SALINAS,16,MERIDA
1176,CIUDAD SIN ASIGNAR DE MUNICIPIO ARICAGUA,155,ARICAGUA,16,MERIDA
1177,CIUDAD SIN ASIGNAR DE MUNICIPIO ARZOBISPO CHACON,156,ARZOBISPO CHACON,16,MERIDA
1178,CIUDAD SIN ASIGNAR DE MUNICIPIO CAMPO ELIAS,157,CAMPO ELIAS,16,MERIDA
1179,CIUDAD SIN ASIGNAR DE MUNICIPIO CARACCIOLO PARRA O,158,CARACCIOLO PARRA OLMEDO,16,MERIDA
1180,CIUDAD SIN ASIGNAR DE MUNICIPIO CARDENAL QUINTERO,159,CARDENAL QUINTERO,16,MERIDA
1181,CIUDAD SIN ASIGNAR DE MUNICIPIO GUARAQUE,160,GUARAQUE,16,MERIDA
1182,CIUDAD SIN ASIGNAR DE MUNICIPIO JULIO CESAR SALAS,161,JULIO CESAR SALAS,16,MERIDA
1183,CIUDAD SIN ASIGNAR DE MUNICIPIO JUSTO BRICEÑO,162,JUSTO BRICEÑO,16,MERIDA
1184,CIUDAD SIN ASIGNAR DE MUNICIPIO LIBERTADOR,163,LIBERTADOR,16,MERIDA
1185,CIUDAD SIN ASIGNAR DE MUNICIPIO MIRANDA,164,MIRANDA,16,MERIDA
1186,CIUDAD SIN ASIGNAR DE MUNICIPIO OBISPO RAMOSDE LOR,165,OBISPO RAMOSDE LORA,16,MERIDA
1187,CIUDAD SIN ASIGNAR DE MUNICIPIO PADRE NOGUERA,166,PADRE NOGUERA,16,MERIDA
1188,CIUDAD SIN ASIGNAR DE MUNICIPIO PUEBLO LLANO,167,PUEBLO LLANO,16,MERIDA
1189,CIUDAD SIN ASIGNAR DE MUNICIPIO RANGEL,168,RANGEL,16,MERIDA
1190,CIUDAD SIN ASIGNAR DE MUNICIPIO RIVAS DAVILA,169,RIVAS DAVILA,16,MERIDA
1191,CIUDAD SIN ASIGNAR DE MUNICIPIO SANTOS MARQUINA,170,SANTOS MARQUINA,16,MERIDA
1192,CIUDAD SIN ASIGNAR DE MUNICIPIO SUCRE,171,SUCRE,16,MERIDA
1193,CIUDAD SIN ASIGNAR DE MUNICIPIO TOVAR,172,TOVAR,16,MERIDA
1194,CIUDAD SIN ASIGNAR DE MUNICIPIO TULIO FEBRES CORDE,173,TULIO FEBRES CORDERO,16,MERIDA
1195,CIUDAD SIN ASIGNAR DE MUNICIPIO ZEA,174,ZEA,16,MERIDA
1371,CIUDAD SIN ASIGNAR DE ESTADO MERIDA,352,MUNICIPIO SIN ASIGNAR DE MERIDA,16,MERIDA
1386,GUAYANITOS,166,PADRE NOGUERA,16,MERIDA
54,LOS TEQUES,184,GUACAIPURO,4,MIRANDA
55,SANTA TERESA DEL TUY,185,INDEPENDENCIA,4,MIRANDA
214,CAUCAGUA,175,ACEVEDO,4,MIRANDA
215,SAN JOSE DE BARLOVENTO,176,ANDRES BELLO,4,MIRANDA
216,NUESTRA SEÑORA DEL ROSARIO,177,BARUTA,4,MIRANDA
217,HIGUEROTE,178,BRION,4,MIRANDA
218,MAMPORAL,179,BUROZ,4,MIRANDA
219,CARRIZAL,180,CARRIZAL,4,MIRANDA
220,CHACAO,181,CHACAO,4,MIRANDA
221,CHARALLAVE,182,CRISTOBAL,4,MIRANDA
222,EL HATILLO,183,EL HATILLO,4,MIRANDA
223,OCUMARE DEL TUY,186,LANDER,4,MIRANDA
224,SAN ANTONIO DE LOS ALTOS,187,LOS SALIAS,4,MIRANDA
225,RIO CHICO,188,PAEZ,4,MIRANDA
226,SANTA LUCIA,189,PAZ CASTILLO,4,MIRANDA
227,CUPIRA,190,PEDRO GUAL,4,MIRANDA
228,GUARENAS,191,PLAZA,4,MIRANDA
229,SAN FRANCISCO DE YARE,192,SIMON BOLIVAR,4,MIRANDA
230,PETARE,193,SUCRE,4,MIRANDA
231,CUA,194,URDANETA,4,MIRANDA
232,GUATIRE,195,ZAMORA,4,MIRANDA
716,CUMBO,176,ANDRES BELLO,4,MIRANDA
717,EL CAFETAL,177,BARUTA,4,MIRANDA
718,LAS MINAS DE BARUTA,177,BARUTA,4,MIRANDA
719,CURIEPE,178,BRION,4,MIRANDA
720,TACARIGUA DE MAMPORAL,178,BRION,4,MIRANDA
721,LAS BRISAS,182,CRISTOBAL,4,MIRANDA
722,ALTAGRACIA DE LA MONTAÑA,184,GUACAIPURO,4,MIRANDA
723,SAN DIEGO,184,GUACAIPURO,4,MIRANDA
724,EL JARILLO,184,GUACAIPURO,4,MIRANDA
725,PARACOTOS,184,GUACAIPURO,4,MIRANDA
726,SAN PEDRO,184,GUACAIPURO,4,MIRANDA
727,TACATA,184,GUACAIPURO,4,MIRANDA
728,EL CARTANAL,185,INDEPENDENCIA,4,MIRANDA
729,LA DEMOCRACIA,186,LANDER,4,MIRANDA
730,SANTA BARBARA,186,LANDER,4,MIRANDA
731,EL GUAPO,188,PAEZ,4,MIRANDA
732,TACARIGUA DE LA LAGUNA,188,PAEZ,4,MIRANDA
733,PAPARO,188,PAEZ,4,MIRANDA
734,SAN FERNANDO,188,PAEZ,4,MIRANDA
735,SANTA LUCIA,188,PAEZ,4,MIRANDA
736,MACHURUCUTO,190,PEDRO GUAL,4,MIRANDA
737,SAN ANTONIO DE YARE,192,SIMON BOLIVAR,4,MIRANDA
738,CAUCAGUITA,193,SUCRE,4,MIRANDA
739,FILA DE MARICHES,193,SUCRE,4,MIRANDA
740,LA DOLORITA,193,SUCRE,4,MIRANDA
741,LOS DOS CAMINOS,193,SUCRE,4,MIRANDA
742,NUEVA CUA,194,URDANETA,4,MIRANDA
743,ARAIRA,195,ZAMORA,4,MIRANDA
1196,CIUDAD SIN ASIGNAR DE MUNICIPIO ACEVEDO,175,ACEVEDO,4,MIRANDA
1197,CIUDAD SIN ASIGNAR DE MUNICIPIO ANDRES BELLO,176,ANDRES BELLO,4,MIRANDA
1198,CIUDAD SIN ASIGNAR DE MUNICIPIO BARUTA,177,BARUTA,4,MIRANDA
1199,CIUDAD SIN ASIGNAR DE MUNICIPIO BRION,178,BRION,4,MIRANDA
1200,CIUDAD SIN ASIGNAR DE MUNICIPIO BUROZ,179,BUROZ,4,MIRANDA
1201,CIUDAD SIN ASIGNAR DE MUNICIPIO CARRIZAL,180,CARRIZAL,4,MIRANDA
1202,CIUDAD SIN ASIGNAR DE MUNICIPIO CHACAO,181,CHACAO,4,MIRANDA
1203,CIUDAD SIN ASIGNAR DE MUNICIPIO CRISTOBAL,182,CRISTOBAL,4,MIRANDA
1204,CIUDAD SIN ASIGNAR DE MUNICIPIO EL HATILLO,183,EL HATILLO,4,MIRANDA
1205,CIUDAD SIN ASIGNAR DE MUNICIPIO GUACAIPURO,184,GUACAIPURO,4,MIRANDA
1206,CIUDAD SIN ASIGNAR DE MUNICIPIO INDEPENDENCIA,185,INDEPENDENCIA,4,MIRANDA
1207,CIUDAD SIN ASIGNAR DE MUNICIPIO LANDER,186,LANDER,4,MIRANDA
1208,CIUDAD SIN ASIGNAR DE MUNICIPIO LOS SALIAS,187,LOS SALIAS,4,MIRANDA
1209,CIUDAD SIN ASIGNAR DE MUNICIPIO PAEZ,188,PAEZ,4,MIRANDA
1210,CIUDAD SIN ASIGNAR DE MUNICIPIO PAZ CASTILLO,189,PAZ CASTILLO,4,MIRANDA
1211,CIUDAD SIN ASIGNAR DE MUNICIPIO PEDRO GUAL,190,PEDRO GUAL,4,MIRANDA
1212,CIUDAD SIN ASIGNAR DE MUNICIPIO PLAZA,191,PLAZA,4,MIRANDA
1213,CIUDAD SIN ASIGNAR DE MUNICIPIO SIMON BOLIVAR,192,SIMON BOLIVAR,4,MIRANDA
1214,CIUDAD SIN ASIGNAR DE MUNICIPIO SUCRE,193,SUCRE,4,MIRANDA
1215,CIUDAD SIN ASIGNAR DE MUNICIPIO URDANETA,194,URDANETA,4,MIRANDA
1216,CIUDAD SIN ASIGNAR DE MUNICIPIO ZAMORA,195,ZAMORA,4,MIRANDA
1372,CIUDAD SIN ASIGNAR DE ESTADO MIRANDA,340,LIBERTADOR,4,MIRANDA
1387,CARACAS,340,LIBERTADOR,4,MIRANDA
36,MATURIN,203,MATURIN,21,MONAGAS
70,CARIPITO,198,BOLIVAR,21,MONAGAS
71,PUNTA DE MATA,201,EZEQUIEL ZAMORA,21,MONAGAS
355,SAN ANTONIO,196,ACOSTA,21,MONAGAS
356,AGUASAY,197,AGUASAY,21,MONAGAS
357,CARIPE,199,CARIPE,21,MONAGAS
358,CAICARA,200,CEDEÑO,21,MONAGAS
359,TEMBLADOR,202,LIBERTADOR,21,MONAGAS
360,ARAGUA,204,PIAR,21,MONAGAS
361,QUIRIQUIRE,205,PUNCELES,21,MONAGAS
362,SANTA BARBARA,206,SANTA BARBARA,21,MONAGAS
363,BARRANCAS,207,SOTILLO,21,MONAGAS
364,URACOA,208,URACOA,21,MONAGAS
744,SAN FRANCISCO,196,ACOSTA,21,MONAGAS
745,EL GUACHARO,199,CARIPE,21,MONAGAS
746,LA GUANOTA,199,CARIPE,21,MONAGAS
747,SABANA DE PIEDRA,199,CARIPE,21,MONAGAS
748,SAN AGUSTIN,199,CARIPE,21,MONAGAS
749,TERESEN,199,CARIPE,21,MONAGAS
750,AREO,200,CEDEÑO,21,MONAGAS
751,SAN FELIX,200,CEDEÑO,21,MONAGAS
752,VIENTO FRESCO,200,CEDEÑO,21,MONAGAS
753,TEJERO,201,EZEQUIEL ZAMORA,21,MONAGAS
754,CHAGUARAMAS,202,LIBERTADOR,21,MONAGAS
755,LAS ALHUACAS,202,LIBERTADOR,21,MONAGAS
756,TABASCA,202,LIBERTADOR,21,MONAGAS
757,EL COROZO,203,MATURIN,21,MONAGAS
758,EL FURRIAL,203,MATURIN,21,MONAGAS
759,JUSEPIN,203,MATURIN,21,MONAGAS
760,LA PICA,203,MATURIN,21,MONAGAS
761,SAN VICENTE,203,MATURIN,21,MONAGAS
762,APARICIO,204,PIAR,21,MONAGAS
763,CHAGUARAMAL,204,PIAR,21,MONAGAS
764,EL PINTO,204,PIAR,21,MONAGAS
765,GUANAGUANA,204,PIAR,21,MONAGAS
766,LA TOSCANA,204,PIAR,21,MONAGAS
767,TAGUAYA,204,PIAR,21,MONAGAS
768,CACHIPO,205,PUNCELES,21,MONAGAS
769,LOS BARRANCOS DE FAJARDO,207,SOTILLO,21,MONAGAS
1217,CIUDAD SIN ASIGNAR DE MUNICIPIO ACOSTA,196,ACOSTA,21,MONAGAS
1218,CIUDAD SIN ASIGNAR DE MUNICIPIO AGUASAY,197,AGUASAY,21,MONAGAS
1219,CIUDAD SIN ASIGNAR DE MUNICIPIO BOLIVAR,198,BOLIVAR,21,MONAGAS
1220,CIUDAD SIN ASIGNAR DE MUNICIPIO CARIPE,199,CARIPE,21,MONAGAS
1221,CIUDAD SIN ASIGNAR DE MUNICIPIO CEDEÑO,200,CEDEÑO,21,MONAGAS
1222,CIUDAD SIN ASIGNAR DE MUNICIPIO EZEQUIEL ZAMORA,201,EZEQUIEL ZAMORA,21,MONAGAS
1223,CIUDAD SIN ASIGNAR DE MUNICIPIO LIBERTADOR,202,LIBERTADOR,21,MONAGAS
1224,CIUDAD SIN ASIGNAR DE MUNICIPIO MATURIN,203,MATURIN,21,MONAGAS
1225,CIUDAD SIN ASIGNAR DE MUNICIPIO PIAR,204,PIAR,21,MONAGAS
1226,CIUDAD SIN ASIGNAR DE MUNICIPIO PUNCELES,205,PUNCELES,21,MONAGAS
1227,CIUDAD SIN ASIGNAR DE MUNICIPIO SANTA BARBARA,206,SANTA BARBARA,21,MONAGAS
1228,CIUDAD SIN ASIGNAR DE MUNICIPIO SOTILLO,207,SOTILLO,21,MONAGAS
1229,CIUDAD SIN ASIGNAR DE MUNICIPIO URACOA,208,URACOA,21,MONAGAS
1373,CIUDAD SIN ASIGNAR DE ESTADO MONAGAS,357,MUNICIPIO SIN ASIGNAR DE MONAGAS,21,MONAGAS
1357,CIUDAD SIN ASIGNAR DE ESTADO NO ASIGNADO,361,MUNICIPIO SIN ASIGNAR,99,NO ASIGNADO
250,LA PLAZA DE PARAGUACHI,209,ANTOLIN DEL CAMPO,23,NUEVA ESPARTA
251,LA ASUNCION,210,ARISMENDI,23,NUEVA ESPARTA
252,SAN JUAN BAUTISTA,211,DIAZ,23,NUEVA ESPARTA
253,EL VALLE DEL ESPIRITU SANTO,212,GARCIA,23,NUEVA ESPARTA
254,SANTA ANA DEL NORTE,213,GOMEZ,23,NUEVA ESPARTA
255,PAMPATAR,214,MANEIRO,23,NUEVA ESPARTA
256,JUAN GRIEGO,215,MARCANO,23,NUEVA ESPARTA
257,PORLAMAR,216,MARIÑO,23,NUEVA ESPARTA
258,BOCA DEL RIO,217,PENINSULA DE MACANAO,23,NUEVA ESPARTA
259,PUNTA DE PIEDRAS,218,TUBORES,23,NUEVA ESPARTA
260,SAN PEDRO DE COCHE,219,VILLALBA,23,NUEVA ESPARTA
770,LA GUARDIA,211,DIAZ,23,NUEVA ESPARTA
771,VILLA ROSA,212,GARCIA,23,NUEVA ESPARTA
772,EL MACO,213,GOMEZ,23,NUEVA ESPARTA
773,TACARIGUA,213,GOMEZ,23,NUEVA ESPARTA
774,PEDRO GONZALEZ,213,GOMEZ,23,NUEVA ESPARTA
775,ALTAGRACIA,213,GOMEZ,23,NUEVA ESPARTA
776,EL PILAR (LOS ROBLES),214,MANEIRO,23,NUEVA ESPARTA
777,LOS MILLANES,215,MARCANO,23,NUEVA ESPARTA
778,BOCA DEL POZO,217,PENINSULA DE MACANAO,23,NUEVA ESPARTA
779,EL GUAMACHE,218,TUBORES,23,NUEVA ESPARTA
780,GUINIMA,219,VILLALBA,23,NUEVA ESPARTA
927,LAS RURALES,209,ANTOLIN DEL CAMPO,23,NUEVA ESPARTA
928,LOS CEDROS,209,ANTOLIN DEL CAMPO,23,NUEVA ESPARTA
1230,CIUDAD SIN ASIGNAR DE MUNICIPIO ANTOLIN DEL CAMPO,209,ANTOLIN DEL CAMPO,23,NUEVA ESPARTA
1231,CIUDAD SIN ASIGNAR DE MUNICIPIO ARISMENDI,210,ARISMENDI,23,NUEVA ESPARTA
1232,CIUDAD SIN ASIGNAR DE MUNICIPIO DIAZ,211,DIAZ,23,NUEVA ESPARTA
1233,CIUDAD SIN ASIGNAR DE MUNICIPIO GARCIA,212,GARCIA,23,NUEVA ESPARTA
1234,CIUDAD SIN ASIGNAR DE MUNICIPIO GOMEZ,213,GOMEZ,23,NUEVA ESPARTA
1235,CIUDAD SIN ASIGNAR DE MUNICIPIO MANEIRO,214,MANEIRO,23,NUEVA ESPARTA
1236,CIUDAD SIN ASIGNAR DE MUNICIPIO MARCANO,215,MARCANO,23,NUEVA ESPARTA
1237,CIUDAD SIN ASIGNAR DE MUNICIPIO MARIÑO,216,MARIÑO,23,NUEVA ESPARTA
1238,CIUDAD SIN ASIGNAR DE MUNICIPIO PENINSULA DE MACAN,217,PENINSULA DE MACANAO,23,NUEVA ESPARTA
1239,CIUDAD SIN ASIGNAR DE MUNICIPIO TUBORES,218,TUBORES,23,NUEVA ESPARTA
1240,CIUDAD SIN ASIGNAR DE MUNICIPIO VILLALBA,219,VILLALBA,23,NUEVA ESPARTA
1374,CIUDAD SIN ASIGNAR DE ESTADO NUEVA ESPARTA,359,MUNICIPIO SIN ASIGNAR DE NUEVA ESPARTA,23,NUEVA ESPARTA
1382,LOMA DE GUERRA,209,ANTOLIN DEL CAMPO,23,NUEVA ESPARTA
1383,EL ESPINAL,211,DIAZ,23,NUEVA ESPARTA
39,ARAURE,221,ARAURE,1,PORTUGUESA
40,GUANARE,223,GUANARE,1,PORTUGUESA
261,AGUA BLANCA,220,AGUA BLANCA,1,PORTUGUESA
262,PIRITU,222,ESTELLER,1,PORTUGUESA
263,GUANARITO,224,GUANARITO,1,PORTUGUESA
264,PARAISO DE CHABASQUEN,225,MONSEÑOR JOSE VICENTE DE UNDA,1,PORTUGUESA
265,OSPINO,226,OSPINO,1,PORTUGUESA
266,ACARIGUA,227,PAEZ,1,PORTUGUESA
267,PAPELON,228,PAPELON,1,PORTUGUESA
268,BOCONOITO,229,SAM GENARO DE BOCONOITO,1,PORTUGUESA
269,SAN RAFAEL DE ONOTO,230,SAN RAFAEL DE ONOTO,1,PORTUGUESA
270,EL PLAYON,231,SANTA ROSALIA,1,PORTUGUESA
271,BISCUCUY,232,SUCRE,1,PORTUGUESA
272,VILLA BRUZUAL,233,TUREN,1,PORTUGUESA
781,RIO ACARIGUA,221,ARAURE,1,PORTUGUESA
782,CORDOBA,223,GUANARE,1,PORTUGUESA
783,SAN JOSE DE LA MONTAÑA,223,GUANARE,1,PORTUGUESA
784,MESA DE CAVACAS,223,GUANARE,1,PORTUGUESA
785,QUEBRADA DE LA VIRGEN,223,GUANARE,1,PORTUGUESA
786,TRINIDAD DE LA CAPILLA,224,GUANARITO,1,PORTUGUESA
787,MORRONES,224,GUANARITO,1,PORTUGUESA
788,PEÑA BLANCA,225,MONSEÑOR JOSE VICENTE DE UNDA,1,PORTUGUESA
789,LA APARICION,226,OSPINO,1,PORTUGUESA
790,LA ESTACION,226,OSPINO,1,PORTUGUESA
791,CAÑO DELGADITO,228,PAPELON,1,PORTUGUESA
792,SAN NICOLAS,229,SAM GENARO DE BOCONOITO,1,PORTUGUESA
793,SANTA FE,230,SAN RAFAEL DE ONOTO,1,PORTUGUESA
794,EL ALGARROBITO,230,SAN RAFAEL DE ONOTO,1,PORTUGUESA
795,NUEVA FLORIDA,231,SANTA ROSALIA,1,PORTUGUESA
796,LA CONCEPCION,232,SUCRE,1,PORTUGUESA
797,SAN RAFAEL DE PALO ALZADO,232,SUCRE,1,PORTUGUESA
798,LAS CRUCCES,232,SUCRE,1,PORTUGUESA
799,SAN JOSE DE SAGUAZ,232,SUCRE,1,PORTUGUESA
800,VILLA ROSA,232,SUCRE,1,PORTUGUESA
801,LA MISION,233,TUREN,1,PORTUGUESA
802,SANTA CRUZ,233,TUREN,1,PORTUGUESA
803,COLONIA TUREN,233,TUREN,1,PORTUGUESA
804,UVERAL,222,ESTELLER,1,PORTUGUESA
805,PAYARA,227,PAEZ,1,PORTUGUESA
806,PIMPINELA,227,PAEZ,1,PORTUGUESA
807,MIJAGUITO,227,PAEZ,1,PORTUGUESA
1241,CIUDAD SIN ASIGNAR DE MUNICIPIO AGUA BLANCA,220,AGUA BLANCA,1,PORTUGUESA
1242,CIUDAD SIN ASIGNAR DE MUNICIPIO ARAURE,221,ARAURE,1,PORTUGUESA
1243,CIUDAD SIN ASIGNAR DE MUNICIPIO ESTELLER,222,ESTELLER,1,PORTUGUESA
1244,CIUDAD SIN ASIGNAR DE MUNICIPIO GUANARE,223,GUANARE,1,PORTUGUESA
1245,CIUDAD SIN ASIGNAR DE MUNICIPIO GUANARITO,224,GUANARITO,1,PORTUGUESA
1246,CIUDAD SIN ASIGNAR DE MUNICIPIO MONSEÑOR JOSE VICE,225,MONSEÑOR JOSE VICENTE DE UNDA,1,PORTUGUESA
1247,CIUDAD SIN ASIGNAR DE MUNICIPIO OSPINO,226,OSPINO,1,PORTUGUESA
1248,CIUDAD SIN ASIGNAR DE MUNICIPIO PAEZ,227,PAEZ,1,PORTUGUESA
1249,CIUDAD SIN ASIGNAR DE MUNICIPIO PAPELON,228,PAPELON,1,PORTUGUESA
1250,CIUDAD SIN ASIGNAR DE MUNICIPIO SAM GENARO DE BOCO,229,SAM GENARO DE BOCONOITO,1,PORTUGUESA
1251,CIUDAD SIN ASIGNAR DE MUNICIPIO SAN RAFAEL DE ONOT,230,SAN RAFAEL DE ONOTO,1,PORTUGUESA
1252,CIUDAD SIN ASIGNAR DE MUNICIPIO SANTA ROSALIA,231,SANTA ROSALIA,1,PORTUGUESA
1253,CIUDAD SIN ASIGNAR DE MUNICIPIO SUCRE,232,SUCRE,1,PORTUGUESA
1254,CIUDAD SIN ASIGNAR DE MUNICIPIO TUREN,233,TUREN,1,PORTUGUESA
1375,CIUDAD SIN ASIGNAR DE ESTADO PORTUGUESA,337,MUNICIPIO SIN ASIGNAR DE PORTUGUESA,1,PORTUGUESA
41,CARUPANO,238,BERMUDEZ,22,SUCRE
42,CUMANA,247,SUCRE,22,SUCRE
74,GUIRIA,248,VALDEZ,22,SUCRE
273,CASANAY,234,ANDRES ELOY BLANCO,22,SUCRE
274,SAN JOSE DE AEROCUAR,235,ANDRES MATA,22,SUCRE
275,RIO CARIBE,236,ARISMENDI,22,SUCRE
276,EL PILAR,237,BENITES,22,SUCRE
277,MARIGUITAR,239,BOLIVAR,22,SUCRE
278,YAGUARAPARO,240,CAJIGAL,22,SUCRE
279,ARAYA,241,CRUZ SALMERON,22,SUCRE
280,TUNAPUY,242,LIBERTADOR,22,SUCRE
338,IRAPA,243,MARIÑO,22,SUCRE
339,SAN ANTONIO DEL GOLFO,244,MEJIA,22,SUCRE
340,CUMANACOA,245,MONTES,22,SUCRE
341,CARIACO,246,RIBERO,22,SUCRE
808,SAN VICENTE,234,ANDRES ELOY BLANCO,22,SUCRE
809,RIO CASANAY,235,ANDRES MATA,22,SUCRE
810,SAN JUAN DE UNARE,236,ARISMENDI,22,SUCRE
811,EL MORRO DE PUERTO SANTO,236,ARISMENDI,22,SUCRE
812,PUERTO SANTO,236,ARISMENDI,22,SUCRE
813,SAN JUAN DE LAS GALDONAS,236,ARISMENDI,22,SUCRE
814,EL RINCON,237,BENITES,22,SUCRE
815,LOS ARROYOS,237,BENITES,22,SUCRE
816,GUARAUNOS,237,BENITES,22,SUCRE
817,TUNAPUICITO,237,BENITES,22,SUCRE
818,GUARIQUEN,237,BENITES,22,SUCRE
819,PLAYA GRANDE,238,BERMUDEZ,22,SUCRE
820,EL PAUJIL,240,CAJIGAL,22,SUCRE
821,RIO SECO,240,CAJIGAL,22,SUCRE
822,CHACOPATA,241,CRUZ SALMERON,22,SUCRE
823,MANICUARE,241,CRUZ SALMERON,22,SUCRE
824,GUAYANA,242,LIBERTADOR,22,SUCRE
825,CAMPO CLARO,243,MARIÑO,22,SUCRE
826,MARABAL,243,MARIÑO,22,SUCRE
827,SAN ANTONIO DE IRAPA,243,MARIÑO,22,SUCRE
828,SORO,243,MARIÑO,22,SUCRE
829,ARENAS,245,MONTES,22,SUCRE
830,ARICAGUA,245,MONTES,22,SUCRE
831,LAS PIEDRAS,245,MONTES,22,SUCRE
832,VILLARROEL (QUEBRADA SECA),245,MONTES,22,SUCRE
833,SAN LORENZO,245,MONTES,22,SUCRE
834,CATUARO,246,RIBERO,22,SUCRE
835,MUELLE DE CARIACO,246,RIBERO,22,SUCRE
836,SANTA CRUZ,246,RIBERO,22,SUCRE
837,SANTA MARIA,246,RIBERO,22,SUCRE
838,CAIGUIRE,247,SUCRE,22,SUCRE
839,SANJUAN,247,SUCRE,22,SUCRE
840,LOS PUERTOS DE SANTA FE,247,SUCRE,22,SUCRE
841,LOS ALTOS,247,SUCRE,22,SUCRE
842,RIO SALADO,248,VALDEZ,22,SUCRE
843,MACURO,248,VALDEZ,22,SUCRE
844,YOCO,248,VALDEZ,22,SUCRE
1255,CIUDAD SIN ASIGNAR DE MUNICIPIO ANDRES ELOY BLANCO,234,ANDRES ELOY BLANCO,22,SUCRE
1256,CIUDAD SIN ASIGNAR DE MUNICIPIO ANDRES MATA,235,ANDRES MATA,22,SUCRE
1257,CIUDAD SIN ASIGNAR DE MUNICIPIO ARISMENDI,236,ARISMENDI,22,SUCRE
1258,CIUDAD SIN ASIGNAR DE MUNICIPIO BENITES,237,BENITES,22,SUCRE
1259,CIUDAD SIN ASIGNAR DE MUNICIPIO BERMUDEZ,238,BERMUDEZ,22,SUCRE
1260,CIUDAD SIN ASIGNAR DE MUNICIPIO BOLIVAR,239,BOLIVAR,22,SUCRE
1261,CIUDAD SIN ASIGNAR DE MUNICIPIO CAJIGAL,240,CAJIGAL,22,SUCRE
1262,CIUDAD SIN ASIGNAR DE MUNICIPIO CRUZ SALMERON,241,CRUZ SALMERON,22,SUCRE
1263,CIUDAD SIN ASIGNAR DE MUNICIPIO LIBERTADOR,242,LIBERTADOR,22,SUCRE
1264,CIUDAD SIN ASIGNAR DE MUNICIPIO MARIÑO,243,MARIÑO,22,SUCRE
1265,CIUDAD SIN ASIGNAR DE MUNICIPIO MEJIA,244,MEJIA,22,SUCRE
1266,CIUDAD SIN ASIGNAR DE MUNICIPIO MONTES,245,MONTES,22,SUCRE
1267,CIUDAD SIN ASIGNAR DE MUNICIPIO RIBERO,246,RIBERO,22,SUCRE
1268,CIUDAD SIN ASIGNAR DE MUNICIPIO SUCRE,247,SUCRE,22,SUCRE
1269,CIUDAD SIN ASIGNAR DE MUNICIPIO VALDEZ,248,VALDEZ,22,SUCRE
1376,CIUDAD SIN ASIGNAR DE ESTADO SUCRE,358,MUNICIPIO SIN ASIGNAR DE SUCRE,22,SUCRE
43,CORDERO,249,ANDRES BELLO,9,TACHIRA
44,LA GRITA,260,JAUREGUI,9,TACHIRA
45,SAN CRISTOBAL,271,SAN CRISTOBAL,9,TACHIRA
75,RUBIO,262,JUNIN,9,TACHIRA
76,SAN ANTONIO,252,BOLIVAR,9,TACHIRA
281,LAS MESAS,250,ANTONIO ROMULO COSTA,9,TACHIRA
282,SAN JUAN DE COLON,251,AYACUCHO,9,TACHIRA
283,TARIBA,253,CARDENAS,9,TACHIRA
284,SANTA ANA DEL TACHIRA,254,CORDOBA,9,TACHIRA
285,SAN RAFAEL DEL PIÑAL,255,FERNANDEZ FEO,9,TACHIRA
286,SAN JOSE DE BOLIVAR,256,FRANCISCO DE MIRANDA,9,TACHIRA
287,LA FRIA,257,GARCIA DE HEVIA,9,TACHIRA
288,PALMIRA,258,GUASIMOS,9,TACHIRA
289,CAPACHO NUEVO,259,INDEPENDENCIA,9,TACHIRA
291,EL COBRE,261,JOSE MARIA VARGAS,9,TACHIRA
292,CAPACHO VIEJO,263,LIBERTAD,9,TACHIRA
293,ABEJALES,264,LIBERTADOR,9,TACHIRA
294,LOBATERA,265,LOBATERA,9,TACHIRA
295,MICHELENA,266,MICHELENA,9,TACHIRA
296,COLONCITO,267,PANAMERICANO,9,TACHIRA
297,UREÑA,268,PEDRO MARIA UREÑA,9,TACHIRA
298,DELICIAS,269,RAFAEL URDANETA,9,TACHIRA
299,LA TENDIDA,270,SAMUEL DARIO MALDONADO,9,TACHIRA
300,UMUQUENA,272,SAN JUDAS TADEO,9,TACHIRA
301,SEBORUCO,273,SEBORUCO,9,TACHIRA
302,SAN SIMON,274,SIMON,9,TACHIRA
303,QUENIQUEA,275,SUCRE,9,TACHIRA
304,SAN JOSECITO,276,TORBES,9,TACHIRA
305,PREGONERO,277,URIBANTE,9,TACHIRA
845,SAN FELIX,251,AYACUCHO,9,TACHIRA
846,SAN PEDRO DEL RIO,251,AYACUCHO,9,TACHIRA
847,PALOTAL,252,BOLIVAR,9,TACHIRA
848,EL RECREO,252,BOLIVAR,9,TACHIRA
849,LAS DANTAS,252,BOLIVAR,9,TACHIRA
850,PALO GORDO,253,CARDENAS,9,TACHIRA
851,LA FLORIDA,253,CARDENAS,9,TACHIRA
852,PUERTO TETEO,255,FERNANDEZ FEO,9,TACHIRA
853,SAN LORENZO,255,FERNANDEZ FEO,9,TACHIRA
854,BOCA DE GRITA,257,GARCIA DE HEVIA,9,TACHIRA
855,OROPE,257,GARCIA DE HEVIA,9,TACHIRA
856,EL VALLE,259,INDEPENDENCIA,9,TACHIRA
857,PERIBECA,259,INDEPENDENCIA,9,TACHIRA
858,PUEBLO HONDO,260,JAUREGUI,9,TACHIRA
859,SABANA GRANDE,260,JAUREGUI,9,TACHIRA
860,RIO CHIQUITO,262,JUNIN,9,TACHIRA
861,SAN VICENTE DE LA REVANCHA,262,JUNIN,9,TACHIRA
862,BRAMON,262,JUNIN,9,TACHIRA
863,HATO DE LA VIRGEN,263,LIBERTAD,9,TACHIRA
864,EL PUEBLITO,263,LIBERTAD,9,TACHIRA
865,PUERTO NUEVO,264,LIBERTADOR,9,TACHIRA
866,EL MILAGRO,264,LIBERTADOR,9,TACHIRA
867,SAN JOAQUIN DE NAVAY,264,LIBERTADOR,9,TACHIRA
868,BOROTA,265,LOBATERA,9,TACHIRA
869,LA PALMITA,267,PANAMERICANO,9,TACHIRA
870,AGUAS CALIENTES,268,PEDRO MARIA UREÑA,9,TACHIRA
871,BOCONO,270,SAMUEL DARIO MALDONADO,9,TACHIRA
872,HERNANDEZ,270,SAMUEL DARIO MALDONADO,9,TACHIRA
873,MACANILLO,271,SAN CRISTOBAL,9,TACHIRA
874,MESA DEL TRIGRE,275,SUCRE,9,TACHIRA
875,SAN PABLO,275,SUCRE,9,TACHIRA
876,LA FUNDACION,277,URIBANTE,9,TACHIRA
877,LAGUNA DE GARCIA,277,URIBANTE,9,TACHIRA
878,PATIO REDONDO,277,URIBANTE,9,TACHIRA
1270,CIUDAD SIN ASIGNAR DE MUNICIPIO ANDRES BELLO,249,ANDRES BELLO,9,TACHIRA
1271,CIUDAD SIN ASIGNAR DE MUNICIPIO ANTONIO ROMULO COS,250,ANTONIO ROMULO COSTA,9,TACHIRA
1272,CIUDAD SIN ASIGNAR DE MUNICIPIO AYACUCHO,251,AYACUCHO,9,TACHIRA
1273,CIUDAD SIN ASIGNAR DE MUNICIPIO BOLIVAR,252,BOLIVAR,9,TACHIRA
1274,CIUDAD SIN ASIGNAR DE MUNICIPIO CARDENAS,253,CARDENAS,9,TACHIRA
1275,CIUDAD SIN ASIGNAR DE MUNICIPIO CORDOBA,254,CORDOBA,9,TACHIRA
1276,CIUDAD SIN ASIGNAR DE MUNICIPIO FERNANDEZ FEO,255,FERNANDEZ FEO,9,TACHIRA
1277,CIUDAD SIN ASIGNAR DE MUNICIPIO FRANCISCO DE MIRAN,256,FRANCISCO DE MIRANDA,9,TACHIRA
1278,CIUDAD SIN ASIGNAR DE MUNICIPIO GARCIA DE HEVIA,257,GARCIA DE HEVIA,9,TACHIRA
1279,CIUDAD SIN ASIGNAR DE MUNICIPIO GUASIMOS,258,GUASIMOS,9,TACHIRA
1280,CIUDAD SIN ASIGNAR DE MUNICIPIO INDEPENDENCIA,259,INDEPENDENCIA,9,TACHIRA
1281,CIUDAD SIN ASIGNAR DE MUNICIPIO JAUREGUI,260,JAUREGUI,9,TACHIRA
1282,CIUDAD SIN ASIGNAR DE MUNICIPIO JOSE MARIA VARGAS,261,JOSE MARIA VARGAS,9,TACHIRA
1283,CIUDAD SIN ASIGNAR DE MUNICIPIO JUNIN,262,JUNIN,9,TACHIRA
1284,CIUDAD SIN ASIGNAR DE MUNICIPIO LIBERTAD,263,LIBERTAD,9,TACHIRA
1285,CIUDAD SIN ASIGNAR DE MUNICIPIO LIBERTADOR,264,LIBERTADOR,9,TACHIRA
1286,CIUDAD SIN ASIGNAR DE MUNICIPIO LOBATERA,265,LOBATERA,9,TACHIRA
1287,CIUDAD SIN ASIGNAR DE MUNICIPIO MICHELENA,266,MICHELENA,9,TACHIRA
1288,CIUDAD SIN ASIGNAR DE MUNICIPIO PANAMERICANO,267,PANAMERICANO,9,TACHIRA
1289,CIUDAD SIN ASIGNAR DE MUNICIPIO PEDRO MARIA UREÑA,268,PEDRO MARIA UREÑA,9,TACHIRA
1290,CIUDAD SIN ASIGNAR DE MUNICIPIO RAFAEL URDANETA,269,RAFAEL URDANETA,9,TACHIRA
1291,CIUDAD SIN ASIGNAR DE MUNICIPIO SAMUEL DARIO MALDO,270,SAMUEL DARIO MALDONADO,9,TACHIRA
1292,CIUDAD SIN ASIGNAR DE MUNICIPIO SAN CRISTOBAL,271,SAN CRISTOBAL,9,TACHIRA
1293,CIUDAD SIN ASIGNAR DE MUNICIPIO SAN JUDAS TADEO,272,SAN JUDAS TADEO,9,TACHIRA
1294,CIUDAD SIN ASIGNAR DE MUNICIPIO SEBORUCO,273,SEBORUCO,9,TACHIRA
1295,CIUDAD SIN ASIGNAR DE MUNICIPIO SIMON,274,SIMON,9,TACHIRA
1296,CIUDAD SIN ASIGNAR DE MUNICIPIO SUCRE,275,SUCRE,9,TACHIRA
1297,CIUDAD SIN ASIGNAR DE MUNICIPIO TORBES,276,TORBES,9,TACHIRA
1298,CIUDAD SIN ASIGNAR DE MUNICIPIO URIBANTE,277,URIBANTE,9,TACHIRA
1377,CIUDAD SIN ASIGNAR DE ESTADO TACHIRA,345,MUNICIPIO SIN ASIGNAR DE TACHIRA,9,TACHIRA
46,BOCONO,279,BOCONO,15,TRUJILLO
47,VALERA,297,VALERA,15,TRUJILLO
77,TRUJILLO,295,TRUJILLO,15,TRUJILLO
233,SANTA ISABEL,278,ANDRES BELLO,15,TRUJILLO
234,SABANA GRANDE,280,BOLIVAR,15,TRUJILLO
235,CHEJENDE,281,CANDELARIA,15,TRUJILLO
236,CARACHE,282,CARACHE,15,TRUJILLO
237,ESCUQUE,283,ECUQHE,15,TRUJILLO
238,EL PARADERO,284,JOSE FELIPE MARQUEZ CAÑIZALES,15,TRUJILLO
239,CAMPO ELIAS,285,JOSE VICENTE CAMPO ELIAS,15,TRUJILLO
240,SANTA APOLONIA,286,LA CEIBA,15,TRUJILLO
241,EL DIVIDIVE,287,MIRANDA,15,TRUJILLO
242,MONTE CARMELO,288,MONTO CARMELO,15,TRUJILLO
243,MOTATAN,289,MOTATAN,15,TRUJILLO
244,PAMPAN,290,PAMPAN,15,TRUJILLO
245,PAMPANITO,291,PAMPANITO,15,TRUJILLO
246,BETIJOQUE,292,RAFAEL RANGEL,15,TRUJILLO
247,CARVAJAL,293,SAN RAFAEL DE CARVAJAL,15,TRUJILLO
248,SABANA DE MENDOZA,294,SUCRE,15,TRUJILLO
249,LA QUEBRADA,296,URDANETA,15,TRUJILLO
879,ARAGUANEY,278,ANDRES BELLO,15,TRUJILLO
880,EL JAGUITO,278,ANDRES BELLO,15,TRUJILLO
881,EL GALLO,278,ANDRES BELLO,15,TRUJILLO
882,EL CARMEN,279,BOCONO,15,TRUJILLO
883,MOSQUEY,279,BOCONO,15,TRUJILLO
884,TATATAL,279,BOCONO,15,TRUJILLO
885,BURBUSAY,279,BOCONO,15,TRUJILLO
886,LAS MESITAS,279,BOCONO,15,TRUJILLO
887,GUARAMACAL,279,BOCONO,15,TRUJILLO
888,VEGA DE GUARAMACAL,279,BOCONO,15,TRUJILLO
889,NIQUITAO,279,BOCONO,15,TRUJILLO
890,SAN RAFAEL,279,BOCONO,15,TRUJILLO
891,SAN MIGUEL,279,BOCONO,15,TRUJILLO
892,TOSTOS,279,BOCONO,15,TRUJILLO
893,ALTAMIRA DE CAUS,280,BOLIVAR,15,TRUJILLO
894,GRANADOS,280,BOLIVAR,15,TRUJILLO
895,MINAS,281,CANDELARIA,15,TRUJILLO
896,BOLIVIA,281,CANDELARIA,15,TRUJILLO
897,TOROCOCO,281,CANDELARIA,15,TRUJILLO
898,MITON,281,CANDELARIA,15,TRUJILLO
899,SABANA GRANDE,281,CANDELARIA,15,TRUJILLO
900,LAS LLANADAS,281,CANDELARIA,15,TRUJILLO
901,CUICAS,282,CARACHE,15,TRUJILLO
902,LA CONCEPCION,282,CARACHE,15,TRUJILLO
903,EL ZAPATERO,282,CARACHE,15,TRUJILLO
904,LA CUCHILLA,282,CARACHE,15,TRUJILLO
905,EL ALTO,283,ECUQHE,15,TRUJILLO
906,SABANA LIBRE,283,ECUQHE,15,TRUJILLO
907,LA MATA,283,ECUQHE,15,TRUJILLO
908,LA PLACITA,284,JOSE FELIPE MARQUEZ CAÑIZALES,15,TRUJILLO
909,LOS CAPRICHOS,284,JOSE FELIPE MARQUEZ CAÑIZALES,15,TRUJILLO
910,LAS QUEBRADAS,285,JOSE VICENTE CAMPO ELIAS,15,TRUJILLO
911,ZONA RICA,286,LA CEIBA,15,TRUJILLO
912,LA CEIBA,286,LA CEIBA,15,TRUJILLO
913,TRES DE FEBRERO,286,LA CEIBA,15,TRUJILLO
914,AGUA SANTA,287,MIRANDA,15,TRUJILLO
915,AGUA CALIENTE,287,MIRANDA,15,TRUJILLO
916,EL CENIZO,287,MIRANDA,15,TRUJILLO
917,VALERITA,287,MIRANDA,15,TRUJILLO
918,BUENA VISTA,288,MONTO CARMELO,15,TRUJILLO
919,CASA DE TABLA,288,MONTO CARMELO,15,TRUJILLO
920,EL BAÑO,289,MOTATAN,15,TRUJILLO
921,JALISCO,289,MOTATAN,15,TRUJILLO
922,FLOR DE PATRIA,290,PAMPAN,15,TRUJILLO
923,MONAY,290,PAMPAN,15,TRUJILLO
924,SANTA ANA,290,PAMPAN,15,TRUJILLO
925,LA CONCEPCION,291,PAMPANITO,15,TRUJILLO
926,PAMPANITO II,291,PAMPANITO,15,TRUJILLO
929,ISNOTU,292,RAFAEL RANGEL,15,TRUJILLO
930,LA CEJITA,293,SAN RAFAEL DE CARVAJAL,15,TRUJILLO
931,CAMPO ALEGRE,293,SAN RAFAEL DE CARVAJAL,15,TRUJILLO
932,LAS MESETAS,293,SAN RAFAEL DE CARVAJAL,15,TRUJILLO
933,EL PARAISO,294,SUCRE,15,TRUJILLO
934,JUNIN,294,SUCRE,15,TRUJILLO
935,VALMORE RODRIGUEZ,294,SUCRE,15,TRUJILLO
936,SAN LAZARO,295,TRUJILLO,15,TRUJILLO
937,QUIQUINQUIRA,295,TRUJILLO,15,TRUJILLO
938,SANTA ROSA,295,TRUJILLO,15,TRUJILLO
939,LA PLAZUELA,295,TRUJILLO,15,TRUJILLO
940,MATRIZ,295,TRUJILLO,15,TRUJILLO
941,SAN JACINTO,295,TRUJILLO,15,TRUJILLO
942,TRES ESQUINAS,295,TRUJILLO,15,TRUJILLO
943,CABIMBU,296,URDANETA,15,TRUJILLO
944,JAJO,296,URDANETA,15,TRUJILLO
945,LA MESA DE ESNUJAQUE,296,URDANETA,15,TRUJILLO
946,SANTIAGO,296,URDANETA,15,TRUJILLO
947,TUÑAME,296,URDANETA,15,TRUJILLO
948,JUAN IGNACIO MONTILLA,297,VALERA,15,TRUJILLO
949,LA BEATRIZ,297,VALERA,15,TRUJILLO
950,MERCEDES DIAZ,297,VALERA,15,TRUJILLO
951,SAN LUIS,297,VALERA,15,TRUJILLO
952,LA PUERTA,297,VALERA,15,TRUJILLO
953,MENDOZA,297,VALERA,15,TRUJILLO
1299,CIUDAD SIN ASIGNAR DE MUNICIPIO ANDRES BELLO,278,ANDRES BELLO,15,TRUJILLO
1300,CIUDAD SIN ASIGNAR DE MUNICIPIO BOCONO,279,BOCONO,15,TRUJILLO
1301,CIUDAD SIN ASIGNAR DE MUNICIPIO BOLIVAR,280,BOLIVAR,15,TRUJILLO
1302,CIUDAD SIN ASIGNAR DE MUNICIPIO CANDELARIA,281,CANDELARIA,15,TRUJILLO
1303,CIUDAD SIN ASIGNAR DE MUNICIPIO CARACHE,282,CARACHE,15,TRUJILLO
1304,CIUDAD SIN ASIGNAR DE MUNICIPIO ECUQHE,283,ECUQHE,15,TRUJILLO
1305,CIUDAD SIN ASIGNAR DE MUNICIPIO JOSE FELIPE MARQUE,284,JOSE FELIPE MARQUEZ CAÑIZALES,15,TRUJILLO
1306,CIUDAD SIN ASIGNAR DE MUNICIPIO JOSE VICENTE CAMPO,285,JOSE VICENTE CAMPO ELIAS,15,TRUJILLO
1307,CIUDAD SIN ASIGNAR DE MUNICIPIO LA CEIBA,286,LA CEIBA,15,TRUJILLO
1308,CIUDAD SIN ASIGNAR DE MUNICIPIO MIRANDA,287,MIRANDA,15,TRUJILLO
1309,CIUDAD SIN ASIGNAR DE MUNICIPIO MONTO CARMELO,288,MONTO CARMELO,15,TRUJILLO
1310,CIUDAD SIN ASIGNAR DE MUNICIPIO MOTATAN,289,MOTATAN,15,TRUJILLO
1311,CIUDAD SIN ASIGNAR DE MUNICIPIO PAMPAN,290,PAMPAN,15,TRUJILLO
1312,CIUDAD SIN ASIGNAR DE MUNICIPIO PAMPANITO,291,PAMPANITO,15,TRUJILLO
1313,CIUDAD SIN ASIGNAR DE MUNICIPIO RAFAEL RANGEL,292,RAFAEL RANGEL,15,TRUJILLO
1314,CIUDAD SIN ASIGNAR DE MUNICIPIO SAN RAFAEL DE CARV,293,SAN RAFAEL DE CARVAJAL,15,TRUJILLO
1315,CIUDAD SIN ASIGNAR DE MUNICIPIO SUCRE,294,SUCRE,15,TRUJILLO
1316,CIUDAD SIN ASIGNAR DE MUNICIPIO TRIJILLO,295,TRUJILLO,15,TRUJILLO
1317,CIUDAD SIN ASIGNAR DE MUNICIPIO URDANETA,296,URDANETA,15,TRUJILLO
1318,CIUDAD SIN ASIGNAR DE MUNICIPIO VALERA,297,VALERA,15,TRUJILLO
1378,CIUDAD SIN ASIGNAR DE ESTADO TRUJILLO,351,MUNICIPIO SIN ASIGNAR DE TRUJILLO,15,TRUJILLO
48,LA GUAIRA,298,VARGAS,17,VARGAS
78,CATIA LA MAR,298,VARGAS,17,VARGAS
79,MACUTO,298,VARGAS,17,VARGAS
80,NAIGUATA,298,VARGAS,17,VARGAS
342,CARABALLEDA,298,VARGAS,17,VARGAS
343,CARAYACA,298,VARGAS,17,VARGAS
344,LA SABANA,298,VARGAS,17,VARGAS
345,EL JUNKO,298,VARGAS,17,VARGAS
346,MAIQUETIA,298,VARGAS,17,VARGAS
1319,CIUDAD SIN ASIGNAR DE MUNICIPIO VARGAS,298,VARGAS,17,VARGAS
1379,CIUDAD SIN ASIGNAR DE ESTADO VARGAS,353,MUNICIPIO SIN ASIGNAR DE VARGAS,17,VARGAS
49,SAN FELIPE,310,SAN FELIPE,6,YARACUY
81,YARITAGUA,309,PEÑA,6,YARACUY
82,CHIVACOA,302,BRUZUAL,6,YARACUY
306,SAN PABLO,299,ARISTIDES BASTIDAS,6,YARACUY
307,AROA,301,BOLIVAR,6,YARACUY
308,COCOROTE,303,COCOROTE,6,YARACUY
309,INDEPENDENCIA,304,INDEPENDENCIA,6,YARACUY
310,SABANA DE PARRA,305,JOSE ANTONIO PAEZ,6,YARACUY
311,BORAURE,306,LA TRINIDAD,6,YARACUY
312,YUMARE,307,MANUEL MONGE,6,YARACUY
313,NIRGUA,308,NIRGUA,6,YARACUY
314,GUAMA,311,SUCRE,6,YARACUY
315,URACHICHE,312,URACHICHE,6,YARACUY
316,FARRIAR,313,VEROES,6,YARACUY
317,MARIN,310,SAN FELIPE,6,YARACUY
954,CAMPO ELIAS,302,BRUZUAL,6,YARACUY
955,SALOM,308,NIRGUA,6,YARACUY
956,TEMERLA,308,NIRGUA,6,YARACUY
957,CAMBURAL,309,PEÑA,6,YARACUY
958,ALBARICO,310,SAN FELIPE,6,YARACUY
960,CASIMIRO VASQUEZ,313,VEROES,6,YARACUY
1320,CIUDAD SIN ASIGNAR DE MUNICIPIO ARISTIDES BASTIDAS,299,ARISTIDES BASTIDAS,6,YARACUY
1321,CIUDAD SIN ASIGNAR DE MUNICIPIO BOLIVAR,301,BOLIVAR,6,YARACUY
1322,CIUDAD SIN ASIGNAR DE MUNICIPIO BRUZUAL,302,BRUZUAL,6,YARACUY
1323,CIUDAD SIN ASIGNAR DE MUNICIPIO COCOROTE,303,COCOROTE,6,YARACUY
1324,CIUDAD SIN ASIGNAR DE MUNICIPIO INDEPENDENCIA,304,INDEPENDENCIA,6,YARACUY
1325,CIUDAD SIN ASIGNAR DE MUNICIPIO JOSE ANTONIO PAEZ,305,JOSE ANTONIO PAEZ,6,YARACUY
1326,CIUDAD SIN ASIGNAR DE MUNICIPIO LA TRINIDAD,306,LA TRINIDAD,6,YARACUY
1327,CIUDAD SIN ASIGNAR DE MUNICIPIO MANUEL MONGE,307,MANUEL MONGE,6,YARACUY
1328,CIUDAD SIN ASIGNAR DE MUNICIPIO NIRGUA,308,NIRGUA,6,YARACUY
1329,CIUDAD SIN ASIGNAR DE MUNICIPIO PEÑA,309,PEÑA,6,YARACUY
1330,CIUDAD SIN ASIGNAR DE MUNICIPIO SAN FELIPE,310,SAN FELIPE,6,YARACUY
1331,CIUDAD SIN ASIGNAR DE MUNICIPIO SUCRE,311,SUCRE,6,YARACUY
1332,CIUDAD SIN ASIGNAR DE MUNICIPIO URACHICHE,312,URACHICHE,6,YARACUY
1333,CIUDAD SIN ASIGNAR DE MUNICIPIO VEROES,313,VEROES,6,YARACUY
1380,CIUDAD SIN ASIGNAR DE ESTADO YARACUY,342,MUNICIPIO SIN ASIGNAR DE YARACUY,6,YARACUY
50,CABIMAS,316,CABIMAS,2,ZULIA
51,CIUDAD OJEDA,323,LAGUNILLAS,2,ZULIA
52,LOS PUERTOS DE ALTAGRACIA,327,MIRANDA,2,ZULIA
53,MARACAIBO,326,MARACAIBO,2,ZULIA
318,EL TORO,314,ALMIRANTE PADILLA,2,ZULIA
319,SAN TIMOTEO,315,BARALT,2,ZULIA
320,ENCONTRADOS,317,CATACUMBO,2,ZULIA
321,SAN CARLOS DEL ZULIA,318,COLON,2,ZULIA
322,PUEBLO NUEVO (EL CHIVO),319,FRANCISCO JAVIER PULGAR,2,ZULIA
323,LA CONCEPCION,320,JESUS ENRIQUE LOSSADA,2,ZULIA
324,CASIGUA EL CUBO,321,JESUS MARIA SEMPRUN,2,ZULIA
325,CONCEPCION,322,LA CAÑADA DE URDANETA,2,ZULIA
326,MACHIQUES,324,MANCHIQUES DE PERIJA,2,ZULIA
327,SAN RAFAEL DEL MOJAN,325,MARA,2,ZULIA
328,SINAMAICA,328,PAEZ,2,ZULIA
329,LA VILLA DEL ROSARIO,329,ROSARIO DE PERIJA,2,ZULIA
330,SAN FRANCISCO,330,SAN FRANCISCO,2,ZULIA
331,SANTA RITA,331,SANTA RITA,2,ZULIA
332,TIA JUANA,332,SIMON BOLIVAR,2,ZULIA
333,BOBURES,333,SUCRE,2,ZULIA
334,BACHAQUERO,334,VALMORE RODRIGUEZ,2,ZULIA
961,SAN CARLOS,314,ALMIRANTE PADILLA,2,ZULIA
962,CEUTA,315,BARALT,2,ZULIA
963,MENE GRANDE,315,BARALT,2,ZULIA
964,EL VENADO,315,BARALT,2,ZULIA
965,EL TIGRE,315,BARALT,2,ZULIA
966,PUEBLO NUEVO,315,BARALT,2,ZULIA
967,PALITO BLANCO,316,CABIMAS,2,ZULIA
968,PUNTA GORDA,316,CABIMAS,2,ZULIA
969,EL GUAYABO,317,CATACUMBO,2,ZULIA
970,EL MORALITO,318,COLON,2,ZULIA
971,SANTA BARBARA,318,COLON,2,ZULIA
972,SANTA CRUZ DEL ZULIA,318,COLON,2,ZULIA
973,CONCHA,318,COLON,2,ZULIA
974,CUATRO ESQUINAS,319,FRANCISCO JAVIER PULGAR,2,ZULIA
975,LOS NARANJOS,319,FRANCISCO JAVIER PULGAR,2,ZULIA
976,LA PAZ,320,JESUS ENRIQUE LOSSADA,2,ZULIA
977,JOBO ALTO (KILOMETRO 25),320,JESUS ENRIQUE LOSSADA,2,ZULIA
978,SAN JOSE,320,JESUS ENRIQUE LOSSADA,2,ZULIA
979,CRUCE,321,JESUS MARIA SEMPRUN,2,ZULIA
980,KILOMETRO 48 (SANTO DOMINGO),322,LA CAÑADA DE URDANETA,2,ZULIA
981,LA ENSENADA,322,LA CAÑADA DE URDANETA,2,ZULIA
982,EL CARMELO,322,LA CAÑADA DE URDANETA,2,ZULIA
983,POTRERITOS,322,LA CAÑADA DE URDANETA,2,ZULIA
984,CAMPO LARA,323,LAGUNILLAS,2,ZULIA
985,PICAPICA,323,LAGUNILLAS,2,ZULIA
986,LAGUNILLAS,323,LAGUNILLAS,2,ZULIA
987,LAS PIEDRAS,324,MANCHIQUES DE PERIJA,2,ZULIA
988,RIO NEGRO,324,MANCHIQUES DE PERIJA,2,ZULIA
989,SAN JOSE,324,MANCHIQUES DE PERIJA,2,ZULIA
990,LA SIERRITA,325,MARA,2,ZULIA
991,LAS PARCELAS,325,MARA,2,ZULIA
992,CARRASQUERO,325,MARA,2,ZULIA
993,CACHIRI,325,MARA,2,ZULIA
994,SANTA CRUZ DE MARA,325,MARA,2,ZULIA
995,TAMARE,325,MARA,2,ZULIA
996,SAN ISIDRO,326,MARACAIBO,2,ZULIA
997,EL MECOCAL,327,MIRANDA,2,ZULIA
998,QUISIRO,327,MIRANDA,2,ZULIA
999,EL CONSEJO DE CIRUMA,327,MIRANDA,2,ZULIA
1000,SABANETA DE LAS PALMAS,327,MIRANDA,2,ZULIA
1001,COROJO,328,PAEZ,2,ZULIA
1002,EL MOLINETE,328,PAEZ,2,ZULIA
1003,PARAGUAIPOA,328,PAEZ,2,ZULIA
1004,BARRANQUITAS,329,ROSARIO DE PERIJA,2,ZULIA
1005,SAN IGNACIO,329,ROSARIO DE PERIJA,2,ZULIA
1006,EL BAJO,330,SAN FRANCISCO,2,ZULIA
1007,EL SILENCIO,330,SAN FRANCISCO,2,ZULIA
1008,SIERRA MAESTRA,330,SAN FRANCISCO,2,ZULIA
1009,LOS CORTIJOS,330,SAN FRANCISCO,2,ZULIA
1010,SUR AMERICA,330,SAN FRANCISCO,2,ZULIA
1011,EL MENE,331,SANTA RITA,2,ZULIA
1012,PALMAREJO,331,SANTA RITA,2,ZULIA
1013,EL GUANABANO,331,SANTA RITA,2,ZULIA
1014,SAN ISIDRO,332,SIMON BOLIVAR,2,ZULIA
1015,SABANA DE LA PLATA,332,SIMON BOLIVAR,2,ZULIA
1016,EL BATEY,333,SUCRE,2,ZULIA
1017,GIBRALTAR,333,SUCRE,2,ZULIA
1018,SAN ANTONIO,333,SUCRE,2,ZULIA
1019,SANTA MARIA,333,SUCRE,2,ZULIA
1020,CAJA SECA,333,SUCRE,2,ZULIA
1021,EL COROZO,334,VALMORE RODRIGUEZ,2,ZULIA
1334,CIUDAD SIN ASIGNAR DE MUNICIPIO ALMIRANTE PADILLA,314,ALMIRANTE PADILLA,2,ZULIA
1335,CIUDAD SIN ASIGNAR DE MUNICIPIO BARALT,315,BARALT,2,ZULIA
1336,CIUDAD SIN ASIGNAR DE MUNICIPIO CABIMAS,316,CABIMAS,2,ZULIA
1337,CIUDAD SIN ASIGNAR DE MUNICIPIO CATACUMBO,317,CATACUMBO,2,ZULIA
1338,CIUDAD SIN ASIGNAR DE MUNICIPIO COLON,318,COLON,2,ZULIA
1339,CIUDAD SIN ASIGNAR DE MUNICIPIO FRANCISCO JAVIER P,319,FRANCISCO JAVIER PULGAR,2,ZULIA
1340,CIUDAD SIN ASIGNAR DE MUNICIPIO JESUS ENRIQUE LOSS,320,JESUS ENRIQUE LOSSADA,2,ZULIA
1341,CIUDAD SIN ASIGNAR DE MUNICIPIO JESUS MARIA SEMPRU,321,JESUS MARIA SEMPRUN,2,ZULIA
1342,CIUDAD SIN ASIGNAR DE MUNICIPIO LA CAÑADA DE URDAN,322,LA CAÑADA DE URDANETA,2,ZULIA
1343,CIUDAD SIN ASIGNAR DE MUNICIPIO LAGUNILLAS,323,LAGUNILLAS,2,ZULIA
1344,CIUDAD SIN ASIGNAR DE MUNICIPIO MANCHIQUES DE PERI,324,MANCHIQUES DE PERIJA,2,ZULIA
1345,CIUDAD SIN ASIGNAR DE MUNICIPIO MARA,325,MARA,2,ZULIA
1346,CIUDAD SIN ASIGNAR DE MUNICIPIO MARACAIBO,326,MARACAIBO,2,ZULIA
1347,CIUDAD SIN ASIGNAR DE MUNICIPIO MIRANDA,327,MIRANDA,2,ZULIA
1348,CIUDAD SIN ASIGNAR DE MUNICIPIO PAEZ,328,PAEZ,2,ZULIA
1349,CIUDAD SIN ASIGNAR DE MUNICIPIO ROSARIO DE PERIJA,329,ROSARIO DE PERIJA,2,ZULIA
1350,CIUDAD SIN ASIGNAR DE MUNICIPIO SAN FRANCISCO,330,SAN FRANCISCO,2,ZULIA
1351,CIUDAD SIN ASIGNAR DE MUNICIPIO SANTA RITA,331,SANTA RITA,2,ZULIA
1352,CIUDAD SIN ASIGNAR DE MUNICIPIO SIMON BOLIVAR,332,SIMON BOLIVAR,2,ZULIA
1353,CIUDAD SIN ASIGNAR DE MUNICIPIO SUCRE,333,SUCRE,2,ZULIA
1354,CIUDAD SIN ASIGNAR DE MUNICIPIO VALMORE RODRIGUEZ,334,VALMORE RODRIGUEZ,2,ZULIA
1381,CIUDAD SIN ASIGNAR DE ESTADO ZULIA,338,MUNICIPIO SIN ASIGNAR DE ZULIA,2,ZULIA
1384,LA CAÑADA DE URDANETA,322,LA CAÑADA DE URDANETA,2,ZULIA
1385,EL MOJAN,325,MARA,2,ZULIA